game,"('âš½', 6.7077946401986965)"
carling,"('ğŸ‡¬ğŸ‡§', 6.7077946401986965)"
mail,"('ğŸ“°', 6.7077946401986965)"
background,"('ğŸ‡¬ğŸ‡§', 6.7077946401986965)"
son,"('ğŸ‘¦', 11.107794640198696)"
bought,"('ğŸ¥ˆ', 6.7077946401986965)"
card,"('ğŸ’³', 6.7077946401986965)"
then,"('ğŸ˜£', 6.7077946401986965)"
fuming,"('ğŸ˜¡', 6.7077946401986965)"
window,"('ğŸ›', 6.7077946401986965)"
rage,"('ğŸ˜¡', 6.7077946401986965)"
heroes,"('ğŸ’‚\u200dâ™‚ï¸', 13.415589280397393)"
blackpool,"('ğŸ‘¨\u200dğŸ‘©\u200dğŸ‘§\u200dğŸ‘¦', 6.7077946401986965)"
mods,"('ğŸ‡¬ğŸ‡§', 6.7077946401986965)"
cunt,"('ğŸ‘ğŸ»', 5.485402218862249)"
license,"('ğŸ’³', 5.485402218862249)"
on,"('ğŸš¬', 5.485402218862249)"
cummy,"('ğŸ˜', 125.88005227663017)"
patriotic,"('ğŸ’‚\u200dâ™‚ï¸', 6.485402218862249)"
again,"('ğŸ‘ŒğŸ¼', 7.438404739325079)"
sweetie,"('ğŸ˜˜', 7.438404739325079)"
i,"('ğŸ˜‚', 26.900182837097063)"
hear,"('\U0001f92d', 7.438404739325079)"
you,"('\U0001f9ddğŸ»\u200dâ™€ï¸', 7.438404739325079)"
sound,"('ğŸ”ˆ', 7.438404739325079)"
my,"('ğŸ›©', 7.438404739325079)"
engine,"('ğŸ˜‚', 7.438404739325079)"
girls,"('ğŸ’\u200dâ™€ï¸', 7.0328900141647415)"
do,"('ğŸ˜', 35.69584004400523)"
want,"('ğŸ‘', 7.0328900141647415)"
to,"('ğŸ˜¯', 10.554818109052103)"
become,"('ğŸ’°', 7.0328900141647415)"
rich,"('ğŸ’¡', 7.0328900141647415)"
your,"('ğŸ‘©\u200dğŸ’¼', 7.0328900141647415)"
own,"('ğŸ’¼', 7.0328900141647415)"
buisness,"('ğŸ¡', 7.0328900141647415)"
home,"('ğŸ‘†', 7.0328900141647415)"
only,"('ğŸ“±', 7.0328900141647415)"
phone,"('ğŸ¤·\u200dâ™€ï¸', 7.0328900141647415)"
well,"('ğŸ˜‚', 7.0328900141647415)"
go,"('ğŸ‘', 7.0328900141647415)"
yourselves,"('ğŸ™Œ', 7.0328900141647415)"
tell,"('ğŸ“¢', 5.927920454563199)"
em,"('ğŸ’ª', 5.927920454563199)"
is,"('\U0001f9d0', 6.88650052718322)"
that,"('ğŸ¤”', 17.596275531510152)"
shorthand,"('4ï¸âƒ£', 6.88650052718322)"
bussy,"('ğŸ¤¤', 6.88650052718322)"
disrespect,"('â€¼', 5.872425341971495)"
get,"('ğŸ˜®', 4.287462841250339)"
ur,"('ğŸ˜ ', 4.287462841250339)"
shitty,"('ğŸ’©', 4.287462841250339)"
bot,"('ğŸ¤–', 6.809390936137701)"
ass,"('ğŸ‘', 112.92303672600954)"
the,"('ğŸ‘‰', 8.072425341971496)"
fuck,"('ğŸ”¥', 12.842280950302445)"
offa,"('â¤´', 4.287462841250339)"
board,"('ğŸ¯', 4.287462841250339)"
mistakes,"('ğŸ˜¤', 4.447927513443585)"
suck,"('ğŸ¤¤', 3.5219280948873624)"
dick,"('ğŸ†', 202.2106431869099)"
makes,"('ğŸ¤¤', 5.557552004618085)"
wet,"('ğŸ’¦', 11.986370695113964)"
farted,"('\U0001f92f', 8.45738784269265)"
shidded,"('ğŸ”¥', 8.45738784269265)"
camed,"('ğŸ†', 8.45738784269265)"
gaming,"('ğŸ®', 7.548728154231077)"
monkeys,"('ğŸ™ˆ', 13.702924464617952)"
lab,"('ğŸŒ¡', 7.548728154231077)"
us,"('ğŸ˜³', 7.548728154231077)"
noobs,"('ğŸ˜†', 7.548728154231077)"
back,"('ğŸ˜¡', 6.154196310386875)"
cage,"('ğŸ”’', 6.154196310386875)"
code,"('ğŸ¤“', 6.154196310386875)"
basically,"('ğŸ˜', 5.244394119358455)"
im,"('ğŸµ', 5.244394119358455)"
monky,"('ğŸ’', 5.244394119358455)"
fetish,"('ğŸ˜©', 7.6838157772642575)"
tyronne,"('ğŸµ', 5.057980995127572)"
here,"('ğŸ”™', 5.057980995127572)"
and,"('ğŸŒŸ', 12.356013078088099)"
polish,"('ğŸ‘', 5.057980995127572)"
sorry,"('ğŸ˜”', 4.592317422778762)"
penis,"('ğŸ˜­', 6.007354922057604)"
chat,"('ğŸ˜‚', 6.007354922057604)"
rotoary,"('ğŸ’ªğŸ¼', 6.007354922057604)"
powwwwwwaaaaaaaaaa,"('ğŸ…±', 6.007354922057604)"
ni,"('âš ', 6.007354922057604)"
yin,"('â€¼', 6.007354922057604)"
power,"('ğŸ’¯', 6.007354922057604)"
got,"('â€¼', 6.007354922057604)"
boizz,"('ğŸ’¯', 6.007354922057604)"
pushing,"('\U0001f92f', 6.007354922057604)"
over,"('ğŸ˜¤', 6.007354922057604)"
this,"('ğŸ˜­', 6.007354922057604)"
thoooo,"('â€¼', 6.007354922057604)"
swaps,"('ğŸ‘…', 6.007354922057604)"
poopra,"('ğŸ˜­', 6.007354922057604)"
nsx,"('ğŸ™', 6.007354922057604)"
having,"('ğŸ˜', 5.329283016944967)"
walky,"('ğŸš¶', 5.754588851677637)"
talky,"('ğŸ—£', 5.754588851677637)"
gone,"('â˜ ', 5.754588851677637)"
soon,"('ğŸ”œ', 5.754588851677637)"
f,"('âš°', 5.754588851677637)"
judge,"('ğŸ‘¨\u200dâš–ï¸', 13.927477006060396)"
me,"('ğŸ’', 7.369925001442312)"
wholesome,"('4ï¸âƒ£', 3.5219280948873624)"
things,"('ğŸ˜', 3.0073549220576044)"
for,"('ğŸ˜¤', 3.0073549220576044)"
slag,"('ğŸ‘…', 8.711752653767379)"
whore,"('â£', 8.711752653767379)"
door,"('ğŸ¤š', 8.711752653767379)"
anorexic,"('ğŸ˜¾', 8.711752653767379)"
fat,"('ğŸ’¤', 8.711752653767379)"
annoying,"('ğŸ˜Š', 8.711752653767379)"
dumb,"('ğŸ˜¨', 8.711752653767379)"
fun,"('ğŸ‘¸', 8.711752653767379)"
flirt,"('ğŸ˜»', 8.711752653767379)"
fake,"('ğŸ–•', 8.711752653767379)"
break,"('ğŸ¤', 8.711752653767379)"
weird,"('ğŸ˜¯', 8.711752653767379)"
geek,"('ğŸ¤“', 8.711752653767379)"
unique,"('ğŸ‘€', 8.711752653767379)"
say,"('ğŸ˜‹', 8.711752653767379)"
never,"('ğŸ™…\u200dâ™€ï¸', 7.094817763307942)"
would,"('ğŸ™…\u200dâ™€ï¸', 5.927920454563199)"
anything,"('ğŸ†', 6.007354922057604)"
not,"('ğŸ™…\u200dâ™€ï¸', 6.007354922057604)"
brave,"('ğŸ’ª', 5.329283016944967)"
talking,"('ğŸ—£', 11.581152256865563)"
pasta,"('ğŸ', 12.286938171670387)"
dude,"('ğŸ˜‚', 7.494620748891628)"
know,"('ğŸ“š', 7.494620748891628)"
android,"('ğŸ“', 7.494620748891628)"
too,"('ğŸ˜', 5.4479275134435845)"
follow,"('ğŸš¶ğŸ»', 5.4479275134435845)"
wardell,"('ğŸ‘¦ğŸ»', 5.4479275134435845)"
off,"('ğŸ˜©', 7.211227255423254)"
gay,"('âœ‹', 6.40945336562895)"
up,"('ğŸ‘', 37.112062698101475)"
shit,"('âŒ', 17.151347783117778)"
thats,"('ğŸ‘', 9.01470984411521)"
right,"('âŒ', 6.8147098441152085)"
there,"('ğŸš«', 10.01470984411521)"
what,"('ğŸ‘', 9.01470984411521)"
about,"('ğŸ‘€', 16.180494128777294)"
spooked,"('ğŸ˜±', 6.784962500721156)"
educated,"('ğŸ‘¨\u200dğŸ“', 8.422367813028455)"
ppl,"('ğŸš¶', 8.422367813028455)"
overused,"('ğŸ…±', 8.422367813028455)"
they,"('ğŸ‘ˆ', 8.422367813028455)"
are,"('ğŸ˜¤', 19.567201650528002)"
of,"('ğŸ…±', 8.100439718141093)"
in,"('ğŸ‘', 24.959871336778388)"
otherwise,"('ğŸ‘ˆ', 5.900439718141094)"
wrong,"('ğŸ˜¤', 17.032492965889745)"
o,"('ğŸ…±', 2.5219280948873624)"
a,"('ğŸ…±', 16.375775579874766)"
blood,"('ğŸ¤”', 4.369925001442312)"
point,"('ğŸ…±', 5.106890595608519)"
enough,"('ğŸ‘ğŸ¼', 0.2)"
emojis,"('ğŸ˜«', 6.875733430966397)"
dont,"('ğŸ™…ğŸ¼', 0.2)"
understand,"('ğŸ˜«', 0.2)"
u,"('ğŸ˜·', 0.2)"
independicks,"('ğŸ†', 7.118863237274594)"
day,"('ğŸ™Œ', 11.406326078524936)"
out,"('ğŸ“¢', 7.118863237274594)"
pounding,"('ğŸ”¨', 7.118863237274594)"
thotmas,"('ğŸ‘ğŸ»', 7.118863237274594)"
jefferson,"('ğŸ”¢', 7.118863237274594)"
writing,"('ğŸ“', 7.118863237274594)"
forget,"('ğŸ’ğŸ»', 7.118863237274594)"
those,"('ğŸ”¥', 7.118863237274594)"
firetwerks,"('ğŸŠ', 7.118863237274594)"
tonight,"('ğŸŒƒ', 7.118863237274594)"
explode,"('ğŸ†', 7.118863237274594)"
sky,"('ğŸ™ğŸ»', 7.118863237274594)"
give,"('âœ”', 3.3699250014423123)"
dicklaration,"('ğŸ“ƒ', 3.3699250014423123)"
john,"('ğŸ“', 3.3699250014423123)"
hand,"('âœŠ', 3.3699250014423123)"
cock,"('ğŸ’¦', 10.962242424221074)"
sooooo,"('\U0001f92f', 4.900439718141092)"
proudddd,"('â¤', 4.900439718141092)"
hope,"('ğŸ¤', 4.106890595608519)"
good,"('ğŸ‘', 17.77528638916508)"
peepee,"('ğŸ†', 7.530916878114617)"
poopoo,"('ğŸ‘', 7.530916878114617)"
sick,"('ğŸ˜·', 5.900439718141094)"
freak,"('ğŸ‘¿', 5.900439718141094)"
thinking,"('ğŸ¤”', 5.900439718141094)"
it,"('ğŸ‘€', 5.900439718141094)"
knowledge,"('ğŸ‘ŒğŸ»', 3.5219280948873624)"
sowwy,"('ğŸ™‡\u200dâ™‚ï¸', 7.557552004618085)"
bitch,"('\U0001f92c', 26.932644428491635)"
ever,"('â¤', 4.2)"
pleaze,"('ğŸ˜­', 6.8147098441152085)"
he,"('ğŸ‘¨', 80.72826294037066)"
an,"('ğŸ†', 7.675733430966398)"
excellent,"('ğŸ…', 7.675733430966398)"
shovel,"('ğŸ†', 7.675733430966398)"
has,"('ğŸ’¥', 7.675733430966398)"
anger,"('ğŸ‘¿', 7.675733430966398)"
am,"('ğŸ‘¨', 7.675733430966398)"
his,"('ğŸ‘¸', 7.675733430966398)"
crazy,"('ğŸ‘¨', 7.675733430966398)"
daddy,"('ğŸ’†\u200dâ™€ï¸', 7.675733430966398)"
afraid,"('ğŸ’•', 7.675733430966398)"
wonder,"('ğŸ’­', 5.9548875021634675)"
why,"('ğŸ¤”', 13.242350343413804)"
shame,"('ğŸ˜¥', 7.600879436282184)"
getting,"('ğŸ˜±', 7.600879436282184)"
downvotes,"('ğŸ‘', 7.600879436282184)"
serving,"('ğŸ‘©\u200dğŸ³', 7.600879436282184)"
our,"('âœ¨', 7.600879436282184)"
country,"('ğŸŒ', 7.600879436282184)"
thank,"('ğŸ™', 7.600879436282184)"
service,"('ğŸ‘¨\u200dğŸš€', 7.600879436282184)"
same,"('ğŸ˜§', 4.2)"
without,"('ğŸ˜°', 4.2)"
no,"('ğŸ˜ ', 7.207354922057604)"
one,"('ğŸ˜¬', 10.703780748177104)"
can,"('ğŸ˜¡', 4.2)"
take,"('ğŸ˜¨', 4.2)"
place,"('ğŸ˜±', 4.2)"
but,"('ğŸ˜¤', 3.900439718141093)"
job,"('ğŸ˜«', 3.900439718141093)"
needs,"('ğŸ˜¥', 3.900439718141093)"
be,"('ğŸ˜', 3.900439718141093)"
done,"('ğŸ˜', 3.900439718141093)"
should,"('ğŸ‘€', 4.2)"
suffer,"('ğŸ”¥', 4.2)"
until,"('ğŸ’¦', 4.2)"
comes,"('ğŸ¡', 4.2)"
truly,"('ğŸ˜–', 3.3699250014423123)"
was,"('ğŸ˜¦', 3.3699250014423123)"
so,"('ğŸ˜­', 9.577279923499917)"
come,"('ğŸ†˜', 3.3699250014423123)"
with,"('ğŸ’«', 3.3699250014423123)"
at,"('ğŸ©', 3.3699250014423123)"
loss,"('ğŸš«', 3.3699250014423123)"
help,"('âš ', 3.3699250014423123)"
ok,"('ğŸ˜', 3.3699250014423123)"
miss,"('ğŸ˜­', 3.3699250014423123)"
will,"('ğŸ¡', 1.784962500721156)"
we,"('ğŸ‘ª', 1.784962500721156)"
see,"('ğŸ‘“', 1.784962500721156)"
pan,"('ğŸ¼', 3.784962500721156)"
da,"('ğŸ˜', 3.784962500721156)"
pand,"('ğŸ’¯', 3.784962500721156)"
panda,"('âœ”', 3.784962500721156)"
broads,"('ğŸ˜©', 3.784962500721156)"
atlanta,"('ğŸ”«', 3.784962500721156)"
dope,"('ğŸ˜', 3.784962500721156)"
fanta,"('â³', 3.784962500721156)"
credit,"('ğŸ«', 3.784962500721156)"
cards,"('ğŸ’¯', 3.784962500721156)"
scammers,"('ğŸ‰', 3.784962500721156)"
licks,"('â¬‡', 3.784962500721156)"
bando,"('âœ–', 3.784962500721156)"
black,"('â—¼', 3.784962500721156)"
phantom,"('ğŸ’†', 3.784962500721156)"
white,"('ğŸŒ', 3.784962500721156)"
w,"('âœ”', 3.784962500721156)"
hite,"('ğŸ’²', 3.784962500721156)"
looks,"('ğŸ¼', 3.784962500721156)"
like,"('ğŸ‘‰', 3.784962500721156)"
montana,"('ğŸ’°', 3.784962500721156)"
hundred,"('ğŸ’¯', 5.569925001442312)"
killers,"('ğŸ–', 3.784962500721156)"
hammers,"('âŒ', 3.784962500721156)"
pockets,"('ğŸ²', 3.784962500721156)"
danny,"('ğŸ˜', 3.784962500721156)"
bar,"('ğŸ’ª', 3.784962500721156)"
candy,"('ğŸ‘´', 3.784962500721156)"
man,"('ğŸš ', 3.784962500721156)"
macho,"('ğŸ‘ˆ', 3.784962500721156)"
randy,"('ğŸ˜¥', 3.784962500721156)"
choppa,"('ğŸ’‹', 3.784962500721156)"
oscar,"('â˜', 3.784962500721156)"
grammy,"('ğŸ’¯', 3.784962500721156)"
nigga,"('ğŸ™', 3.784962500721156)"
pull,"('ğŸ”«', 3.784962500721156)"
ya,"('ğŸ¤“', 3.784962500721156)"
panty,"('ğŸ¤”', 3.784962500721156)"
stuff,"('ğŸ‘Œ', 6.207354922057604)"
if,"('ğŸ’¯', 9.407354922057603)"
Ê³á¶¦áµÊ°áµ—,"('ğŸ‘Œ', 39.12677040082136)"
mmmmmê®‡Ğ¼,"('ğŸ‘€', 357.53997096615456)"
spinners,"('ğŸ˜¤', 5.369925001442312)"
botsident,"('ğŸ¤–', 2.5219280948873624)"
pussy,"('ğŸ˜»', 11.093486957499325)"
twister,"('ğŸˆ', 7.308524456778167)"
slashing,"('ğŸ‘', 7.308524456778167)"
offer,"('ğŸ’¸', 7.308524456778167)"
vast,"('ğŸ’µ', 7.308524456778167)"
blow,"('ğŸ˜«', 7.308524456778167)"
spanish,"('ğŸ‡ªğŸ‡¸', 7.308524456778167)"
yellow,"('ğŸ˜‹', 7.308524456778167)"
hot,"('ğŸŒ¶', 7.308524456778167)"
cold,"('\U0001f9df', 7.308524456778167)"
smelly,"('ğŸ’©', 7.308524456778167)"
hairy,"('ğŸ©', 7.308524456778167)"
bloody,"('ğŸ’‰', 7.308524456778167)"
snapping,"('ğŸ¦€', 7.308524456778167)"
silk,"('\U0001f9f5', 7.308524456778167)"
velvet,"('\U0001f9f6', 7.308524456778167)"
naugahyde,"('\U0001f9e4', 7.308524456778167)"
horse,"('ğŸ', 7.308524456778167)"
dog,"('ğŸ¶', 7.308524456778167)"
chicken,"('ğŸ¤¤', 7.308524456778167)"
love,"('â¤', 10.643856189774722)"
thee,"('ğŸ‘Œ', 3.5219280948873624)"
hole,"('ğŸ•³', 28.689346240719097)"
contest,"('ğŸ†', 3.5219280948873624)"
best,"('ğŸ¤', 3.5219280948873624)"
tasted,"('ğŸ˜›', 3.5219280948873624)"
wasted,"('ğŸ›¢', 3.5219280948873624)"
earth,"('ğŸŒ', 9.950746785383243)"
feeling,"('ğŸ‘', 3.5219280948873624)"
her,"('ğŸ’ƒ', 3.5219280948873624)"
sheeaaaath,"('ğŸ‘', 3.5219280948873624)"
sale,"('ğŸ˜', 5.369925001442312)"
dad,"('ğŸ‘¨ğŸ¾', 6.7077946401986965)"
drowning,"('ğŸŒŠ', 13.462383491876334)"
anyway,"('ğŸ˜ª', 6.7077946401986965)"
all,"('ğŸš¶', 5.723561956057013)"
account,"('ğŸ˜µ', 0.2)"
suspended,"('ğŸ˜¢', 0.2)"
dealing,"('ğŸ’µ', 6.927920454563199)"
byyyyy,"('ğŸ˜©', 6.927920454563199)"
kanye,"('ğŸ»', 22.524673717383052)"
kids,"('ğŸ‘¨\u200dğŸ‘©\u200dğŸ‘§\u200dğŸ‘¦', 6.769855608330947)"
mother,"('ğŸ‘', 6.769855608330947)"
graduation,"('ğŸ“', 6.769855608330947)"
ticket,"('ğŸ«', 6.769855608330947)"
now,"('â°', 6.769855608330947)"
walk,"('ğŸš¶ğŸ¾\u200dâ™‚ï¸', 6.769855608330947)"
across,"('â¡', 33.756690737106865)"
slide,"('ğŸ•ºğŸ¾', 13.493417564387961)"
stage,"('ğŸ‘¯\u200dâ™€ï¸', 6.769855608330947)"
motherfucker,"('ğŸ‘‰', 6.769855608330947)"
uplifting,"('ğŸ™Œ', 6.769855608330947)"
wavy,"('ğŸŒŠ', 5.754588851677637)"
af,"('ğŸŒŠ', 3.6594316186372975)"
next,"('â­', 2.5219280948873624)"
bars,"('ğŸ¼', 2.5219280948873624)"
though,"('âšœ', 2.5219280948873624)"
money,"('ğŸ’µ', 12.193603309279409)"
hiiiigh,"('ğŸŒ¿', 6.349747119504683)"
please,"('ğŸ¤—', 6.723561956057013)"
pp,"('ğŸ†', 6.723561956057013)"
rapper,"('ğŸ”¥', 0.2)"
way,"('ğŸ™…ğŸ¿\u200dâ™‚ï¸', 5.369925001442312)"
call,"('ğŸ‘', 5.3292830169449665)"
represent,"('âœŠ', 2.2)"
cucumber,"('ğŸ¥’', 1.2)"
smh,"('ğŸ˜', 1.2)"
were,"('ğŸ˜«', 5.557552004618085)"
girl,"('ğŸ‘°', 7.739158811108031)"
tells,"('ğŸ‘„', 7.739158811108031)"
small,"('ğŸ‘Œ', 7.739158811108031)"
remember,"('ğŸ™Œ', 7.739158811108031)"
zero,"('ğŸŒ€', 7.739158811108031)"
long,"('ğŸ©', 7.739158811108031)"
humble,"('ğŸ‘‘', 7.739158811108031)"
centimeters,"('ğŸ˜³', 7.2980320829605265)"
youuuu,"('ğŸ˜', 7.2980320829605265)"
depression,"('ğŸ™Œ', 6.927920454563199)"
boyfriend,"('ğŸ˜', 5.521928094887363)"
she,"('ğŸ‘©ğŸ¾', 7.118863237274594)"
heart,"('â¤', 7.118863237274594)"
broken,"('ğŸ’”', 7.118863237274594)"
loved,"('ğŸ˜³', 7.118863237274594)"
night,"('ğŸŒš', 7.118863237274594)"
kissing,"('ğŸ’‹', 7.118863237274594)"
vape,"('ğŸ’¨', 7.118863237274594)"
snap,"('ğŸ“¹', 7.118863237274594)"
body,"('ğŸ™ğŸ¼\u200dâ™‚ï¸', 7.118863237274594)"
pain,"('ğŸ’‰', 7.118863237274594)"
away,"('â¡', 7.318863237274594)"
nic,"('ğŸš¬', 7.118863237274594)"
ten,"('ğŸ”Ÿ', 13.201506286636436)"
dizzy,"('ğŸ¤¦ğŸ½\u200dâ™‚ï¸', 7.118863237274594)"
him,"('ğŸ•ºğŸ¼', 7.118863237274594)"
god,"('ğŸ‘¼ğŸ»', 7.118863237274594)"
toys,"('ğŸ³', 7.118863237274594)"
play,"('ğŸ¤¡', 7.118863237274594)"
them,"('ğŸ˜£', 7.118863237274594)"
douchey,"('ğŸ‘…', 7.118863237274594)"
guys,"('ğŸ‘¬', 13.676415241892677)"
lead,"('\U0001f9f6', 7.118863237274594)"
have,"('ğŸ˜‹', 7.118863237274594)"
loose,"('\U0001f97a', 7.118863237274594)"
bad,"('ğŸ˜ˆ', 3.2)"
boy,"('ğŸ˜©', 6.557552004618085)"
nice,"('ğŸ˜', 4.287462841250339)"
hit,"('ğŸ‘Š', 3.2)"
juul,"('ğŸ’¨', 3.2)"
secret,"('\U0001f92b', 4.369925001442312)"
sauce,"('ğŸ‘…', 4.369925001442312)"
sex,"('ğŸ†', 13.318863237274597)"
great,"('ğŸ‘', 22.747143998186743)"
better,"('ğŸ˜¤', 6.6594316186372975)"
latex,"('ğŸ‘·\u200dâ™€ï¸', 6.6594316186372975)"
text,"('ğŸ“±', 6.6594316186372975)"
think,"('ğŸ˜±', 6.6594316186372975)"
poetic,"('ğŸ˜©', 21.214591234387857)"
fucking,"('ğŸ‘‰', 73.60219546065753)"
ahahahahahahaha,"('ğŸ˜‚', 6.369925001442312)"
hits,"('ğŸ’¥', 6.369925001442312)"
high,"('ğŸ•›', 6.369925001442312)"
weed,"('ğŸ', 6.369925001442312)"
dank,"('ğŸ‘Œ', 6.369925001442312)"
legalize,"('ğŸ’¯', 6.369925001442312)"
roll,"('ğŸš¬', 6.369925001442312)"
smoke,"('ğŸ˜', 6.369925001442312)"
put,"('ğŸ‘', 6.369925001442312)"
just,"('ğŸ‘Œ', 6.369925001442312)"
baked,"('ğŸ‘¨', 6.369925001442312)"
lmaooooooooooo,"('ğŸ‘‹', 6.369925001442312)"
raise,"('ğŸ‘', 6.369925001442312)"
yo,"('ğŸ‘ˆ', 6.369925001442312)"
turnt,"('ğŸ‘‹', 6.369925001442312)"
both,"('ğŸ', 6.369925001442312)"
hands,"('ğŸ˜', 6.369925001442312)"
mornin,"('ğŸ’°', 6.369925001442312)"
haaaaaaaaaaaa,"('ğŸ‘Œ', 6.369925001442312)"
fuckin,"('ğŸ‘¨', 6.369925001442312)"
kite,"('ğŸ˜', 6.369925001442312)"
s,"('ğŸ–', 6.369925001442312)"
c,"('ğŸšº', 6.369925001442312)"
k,"('ğŸ’¥', 16.935709286104398)"
n,"('ğŸšº', 6.369925001442312)"
g,"('ğŸ’¥', 6.369925001442312)"
h,"('ğŸ˜¯', 6.369925001442312)"
e,"('ğŸš«', 6.369925001442312)"
cant,"('ğŸ•¦', 6.369925001442312)"
even,"('ğŸ‘', 12.452568050804153)"
smoking,"('ğŸ’¦', 6.369925001442312)"
dankest,"('ğŸ˜', 6.369925001442312)"
herb,"('ğŸ’¦', 6.369925001442312)"
some,"('ğŸŒ', 6.369925001442312)"
triple,"('ğŸ‘Œ', 6.369925001442312)"
winston,"('ğŸŒ±', 6.369925001442312)"
mega,"('ğŸ‘Œ', 6.369925001442312)"
duuuuuuuuuuuuuuuuuuuuuuuuuuuudde,"('ğŸ’©', 6.369925001442312)"
inhales,"('ğŸ’¦', 6.369925001442312)"
cough,"('ğŸ‘¨', 6.369925001442312)"
haahhaaahahahahah,"('ğŸ˜…', 6.369925001442312)"
laughing,"('ğŸ‘†', 6.369925001442312)"
narsh,"('ğŸ', 6.369925001442312)"
weeed,"('\U0001f92e', 3.3699250014423123)"
dood,"('ğŸ‘º', 3.3699250014423123)"
united,"('ğŸ‡ºğŸ‡¸', 12.810716333604272)"
parcel,"('ğŸ“¦', 5.244394119358455)"
people,"('ğŸ‘¯', 5.244394119358455)"
post,"('ğŸ“®', 5.244394119358455)"
office,"('ğŸ¤', 5.244394119358455)"
cloudy,"('â˜', 5.244394119358455)"
pissssss,"('ğŸ’¦', 5.244394119358455)"
thought,"('ğŸ‘“', 1.2)"
cool,"('ğŸ˜', 7.7037807481771035)"
drugs,"('ğŸš¬', 1.2)"
trap,"('ğŸ”’', 2.2)"
fidgetspinner,"('ğŸ’«', 6.369925001442312)"
sea,"('ğŸ˜±', 6.369925001442312)"
mean,"('ğŸ˜Ÿ', 7.699845887083206)"
spin,"('2ï¸âƒ£', 4.007354922057604)"
reached,"('â¬†', 6.858211482751795)"
enlightenment,"('ğŸ˜‡', 6.858211482751795)"
spinner,"('ğŸ˜®', 4.6594316186372975)"
headset,"('ğŸ˜', 6.503780748177102)"
funeral,"('ğŸ˜”', 6.503780748177102)"
waifu,"('ğŸ‘˜', 6.503780748177102)"
system,"('ğŸš€', 6.503780748177102)"
intergalactic,"('ğŸ˜³', 4.8438561897747245)"
saying,"('ğŸ“£', 6.675733430966398)"
christ,"('ğŸ¤’', 5.244394119358455)"
yelled,"('ğŸ˜¤', 5.8438561897747245)"
frontpager,"('ğŸ˜©', 5.8438561897747245)"
emoji,"('ğŸ’¯', 5.8438561897747245)"
superior,"('â«', 6.177279923499918)"
as,"('ğŸ˜©', 6.177279923499918)"
typo,"('ğŸ˜±', 6.177279923499918)"
big,"('ğŸ”', 8.165784284662086)"
load,"('ğŸ’¦', 30.94273655299837)"
squint,"('ğŸ‘', 6.266089190457772)"
corn,"('ğŸŒ½', 6.266089190457772)"
lamo,"('ğŸ˜‚', 0.2)"
yeees,"('ğŸ†', 7.715699838284043)"
wanna,"('ğŸ’§', 5.007354922057604)"
drown,"('ğŸŒŠ', 5.007354922057604)"
reply,"('ğŸ“', 1.784962500721156)"
retard,"('ğŸ˜¤', 1.784962500721156)"
angelo,"('ğŸ—¿', 6.954887502163468)"
th,"('ğŸ‘Œ', 17.853496664211537)"
ere,"('âœ”', 20.053496664211536)"
selï½†,"('ğŸ’¯', 13.121928094887362)"
exclusive,"('ğŸ˜­', 7.165784284662088)"
enemy,"('ğŸ‘¿', 6.266089190457772)"
stando,"('ğŸ‘»', 6.266089190457772)"
french,"('ğŸ‡«ğŸ‡·', 9.162242424221072)"
class,"('ğŸ“š', 5.592317422778762)"
because,"('â¡', 5.592317422778762)"
teacher,"('ğŸ‘¨ğŸ»\u200dğŸ«', 5.592317422778762)"
biggest,"('ğŸ‘ğŸ»', 5.592317422778762)"
low,"('â¬‡', 5.592317422778762)"
key,"('ğŸ”‘', 5.592317422778762)"
watching,"('ğŸ¤“', 5.592317422778762)"
humongous,"('ğŸ‘ğŸ»', 5.592317422778762)"
hour,"('â±', 5.592317422778762)"
student,"('ğŸ‘¨\u200dğŸ“', 1.784962500721156)"
confirm,"('âœ…', 1.784962500721156)"
dicks,"('ğŸ†', 1.784962500721156)"
tbh,"('ğŸ˜£', 4.7235619560570115)"
zoo,"('ğŸ…±', 3.3699250014423123)"
fucked,"('ğŸ¤¤', 3.9004397181410932)"
hard,"('ğŸ˜¤', 3.9004397181410932)"
yes,"('ğŸ‘', 3.9004397181410932)"
cocktober,"('ğŸ†', 35.710872434219766)"
means,"('ğŸ‘€', 32.66647831486131)"
month,"('ğŸ˜¯', 29.466478314861313)"
hoes,"('ğŸ‘­', 25.773987349835707)"
queen,"('ğŸ‘¸ğŸ¿', 12.907200809140804)"
thottiest,"('ğŸ†', 20.566632427778103)"
thots,"('ğŸ’ğŸ¿', 12.907200809140804)"
prepared,"('ğŸ™ğŸ¿', 12.907200809140804)"
luck,"('âš ', 20.566632427778103)"
brilliant,"('ğŸ”´', 6.244394119358454)"
heard,"('ğŸ‘¯', 6.244394119358454)"
before,"('â¬…', 6.244394119358454)"
surely,"('ğŸ‘ğŸ¿', 6.244394119358454)"
meme,"('â¤', 6.244394119358454)"
sub,"('ğŸ‘Š', 4.287462841250339)"
entertained,"('ğŸ™ˆ', 4.287462841250339)"
messy,"('ğŸ’¦', 6.799912842187128)"
work,"('ğŸ‘·ğŸ½\u200dâ™‚ï¸', 4.6594316186372975)"
pc,"('ğŸ’»', 4.6594316186372975)"
either,"('ğŸ¤·ğŸ¿\u200dâ™€ï¸', 4.6594316186372975)"
spotlight,"('ğŸ’¡', 9.072425341971496)"
moonlight,"('ğŸŒš', 7.2874628412503375)"
uh,"('âœŠğŸ¿', 7.2874628412503375)"
shawty,"('ğŸ˜', 7.2874628412503375)"
look,"('ğŸ‘', 17.825734641422557)"
these,"('ğŸ‘…', 7.2874628412503375)"
niggas,"('ğŸ‘©ğŸ¿', 7.2874628412503375)"
mind,"('\U0001f92f', 7.2874628412503375)"
dropping,"('â†™', 2.7849625007211563)"
heat,"('ğŸ”¥', 2.7849625007211563)"
thug,"('ğŸ”«', 6.609390936137703)"
much,"('\U0001f970', 6.609390936137703)"
gatar,"('ğŸ˜”', 2.2)"
shine,"('ğŸ’¡', 2.2)"
above,"('ğŸ”', 2.2)"
bless,"('ğŸ™', 2.2)"
light,"('ğŸ’¡', 2.2)"
artist,"('ğŸ¨', 7.165784284662088)"
diver,"('ğŸŒŠ', 7.165784284662088)"
absolutely,"('ğŸ˜˜', 7.165784284662088)"
adventure,"('ğŸ˜Š', 7.165784284662088)"
bet,"('ğŸ’¸', 4.2)"
side,"('ğŸ’µ', 4.2)"
hustle,"('ğŸ’°', 4.2)"
pyramid,"('ğŸ²', 4.2)"
scheme,"('ğŸ“‰', 4.2)"
such,"('ğŸ˜©', 7.754588851677637)"
spirit,"('ğŸ¤—', 7.754588851677637)"
sail,"('â›µ', 6.754588851677637)"
candles,"('ğŸ•¯', 1.784962500721156)"
makeup,"('ğŸ’…', 1.784962500721156)"
or,"('ğŸ”ª', 1.784962500721156)"
did,"('â‰', 0.2)"
essential,"('ğŸ’¯', 0.2)"
oils,"('ğŸ’¦', 0.2)"
cure,"('ğŸ’«', 0.2)"
autism,"('\U0001f9e0', 0.2)"
keep,"('â™¿', 6.2874628412503375)"
harrassing,"('ğŸ¤ ', 6.2874628412503375)"
stop,"('ğŸš«', 12.225753832883115)"
dare,"('ğŸ‘»', 4.592317422778762)"
eat,"('ğŸ‘Œ', 6.968184324776926)"
fish,"('ğŸŸ', 6.968184324776926)"
after,"('ğŸ˜¶', 6.968184324776926)"
water,"('ğŸº', 6.968184324776926)"
bc,"('ğŸ˜°', 6.968184324776926)"
stomach,"('ğŸ˜®', 6.968184324776926)"
feel,"('ğŸ˜•', 6.968184324776926)"
gulugulu,"('ğŸ’¦', 20.22643984969404)"
asshole,"('ğŸ‘', 7.609390936137703)"
from,"('â¡', 6.308524456778168)"
into,"('ğŸ‘‰', 6.921928094887364)"
masters,"('ğŸ‘¸', 5.592317422778762)"
challenge,"('ğŸ‘€', 5.592317422778762)"
bell,"('ğŸ˜·', 5.592317422778762)"
fill,"('ğŸ†™', 16.77695226833628)"
application,"('ğŸ“„', 5.592317422778762)"
kfc,"('ğŸ—', 5.592317422778762)"
hi,"('ğŸ‘‹', 5.592317422778762)"
hiring,"('ğŸ’µ', 5.592317422778762)"
momentarily,"('â›½', 5.592317422778762)"
pizza,"('ğŸ•', 14.332167425663386)"
hut,"('ğŸ ', 5.592317422778762)"
drivers,"('ğŸ•', 5.592317422778762)"
today,"('âœˆ', 5.592317422778762)"
burger,"('ğŸ”', 5.592317422778762)"
king,"('ğŸ‘‘', 5.592317422778762)"
fantastic,"('ğŸ™Œ', 5.592317422778762)"
bankteller,"('ğŸ‘©', 6.177279923499918)"
says,"('ğŸ‘€', 6.177279923499918)"
ones,"('ğŸ’²', 6.177279923499918)"
lot,"('ğŸ˜‰', 6.177279923499918)"
said,"('ğŸ‘€', 6.177279923499918)"
oh,"('\U0001f928', 6.177279923499918)"
dollar,"('ğŸ™‰', 6.177279923499918)"
other,"('ğŸ˜', 6.177279923499918)"
around,"('ğŸ†', 6.177279923499918)"
sucking,"('ğŸ”¥', 6.177279923499918)"
behind,"('\U0001f928', 6.177279923499918)"
rude,"('ğŸ™…\u200dâ™€ï¸', 6.177279923499918)"
ask,"('ğŸ˜¥', 6.177279923499918)"
kind,"('ğŸ˜´', 6.177279923499918)"
none,"('â“', 6.177279923499918)"
motherfucking,"('ğŸ‘', 6.177279923499918)"
years,"('ğŸ’¦', 6.177279923499918)"
make,"('ğŸ¤”', 6.177279923499918)"
worry,"('ğŸ˜³', 6.177279923499918)"
bringing,"('â“', 6.177279923499918)"
oop,"('ğŸ˜®', 4.8438561897747245)"
juicy,"('ğŸ‘…', 3.784962500721156)"
find,"('ğŸ”', 3.784962500721156)"
pussies,"('ğŸ˜¼', 3.784962500721156)"
tap,"('ğŸ”¨', 3.784962500721156)"
stank,"('ğŸ˜·', 3.784962500721156)"
wash,"('ğŸ˜¬', 3.784962500721156)"
time,"('ğŸ•“', 3.784962500721156)"
diving,"('ğŸŠ', 3.784962500721156)"
deep,"('â¬‡', 3.784962500721156)"
married,"('ğŸ’', 3.784962500721156)"
old,"('ğŸ‘¦ğŸ¾', 3.784962500721156)"
fact,"('ğŸ¤”', 3.784962500721156)"
guadalupe,"('ğŸ‘€', 3.784962500721156)"
contact,"('ğŸ“', 3.784962500721156)"
yank,"('ğŸ˜', 3.784962500721156)"
dive,"('ğŸ„', 3.784962500721156)"
jush,"('ğŸ‘„', 3.784962500721156)"
little,"('ğŸ¦', 8.213781191217038)"
titty,"('ğŸ', 4.106890595608519)"
free,"('ğŸ’²', 4.723561956057012)"
holiday,"('ğŸ˜‚', 6.154887502163469)"
glad,"('ğŸ–•ğŸ½', 5.900439718141094)"
middle,"('ğŸ–•ğŸ¼', 5.900439718141094)"
finger,"('ğŸ–•ğŸ½', 5.900439718141094)"
every,"('ğŸ–•ğŸ¿', 5.900439718141094)"
race,"('ğŸ–•', 5.900439718141094)"
flip,"('ğŸ–•ğŸ¾', 5.900439718141094)"
favor,"('ğŸ–•ğŸ½', 5.900439718141094)"
rest,"('ğŸ–•ğŸ¼', 5.900439718141094)"
more,"('ğŸ‘', 0.2)"
jk,"('ğŸ‘', 7.948192849589461)"
claim,"('ğŸ‘', 7.784962500721156)"
beaned,"('ğŸ¥’', 5.287462841250339)"
friends,"('ğŸ‘«', 14.921082518010039)"
totally,"('ğŸ¥’', 5.287462841250339)"
damn,"('ğŸ‘', 4.592317422778762)"
pranked,"('ğŸ…±', 4.592317422778762)"
fam,"('ğŸ‘', 4.007354922057604)"
worked,"('ğŸ‘', 1.784962500721156)"
morty,"('âœ”', 6.266089190457772)"
need,"('ğŸ‘†', 6.266089190457772)"
seeds,"('ğŸŒ±', 6.266089190457772)"
waaaay,"('ğŸ‘†', 6.266089190457772)"
inside,"('ğŸŒ±', 6.266089190457772)"
butthole,"('âœ”', 6.266089190457772)"
standing,"('ğŸš¹', 13.652844973001974)"
when,"('â•', 13.652844973001974)"
anime,"('ğŸ¤ ', 7.530916878114617)"
very,"('ğŸ˜Ÿ', 7.530916878114617)"
feels,"('ğŸ¤”', 7.530916878114617)"
milk,"('ğŸ¥›', 7.530916878114617)"
coming,"('ğŸ—¿', 13.652844973001974)"
feeled,"('ğŸ¤¤', 7.530916878114617)"
wait,"('âŒš', 6.609390936137703)"
episode,"('ğŸ¬', 6.609390936137703)"
confusion,"('ğŸ’­', 6.609390936137703)"
child,"('ğŸ¤ ', 6.609390936137703)"
wook,"('ğŸ‘', 6.121928094887362)"
anyime,"('ğŸ¤ ', 6.121928094887362)"
vewy,"('ğŸ˜Ÿ', 6.121928094887362)"
weiwd,"('ğŸ˜²', 24.48771237954945)"
knyow,"('ğŸ‘»', 6.121928094887362)"
nyow,"('ğŸ¤”', 6.121928094887362)"
hewp,"('ğŸ˜±', 6.121928094887362)"
miwk,"('ğŸ¥›', 6.121928094887362)"
feewed,"('ğŸ¤¤', 8.721928094887362)"
goooooddddd,"('ğŸ˜œ', 6.121928094887362)"
cake,"('ğŸ°', 1.784962500721156)"
feews,"('ğŸ¤”', 2.6)"
someone,"('ğŸ‘¤', 6.626264754702097)"
specifically,"('ğŸ•µ', 6.626264754702097)"
their,"('ğŸ†', 12.218582177480858)"
consider,"('ğŸ‘ˆ', 6.626264754702097)"
fair,"('ğŸ‘’', 6.626264754702097)"
shared,"('ğŸ‘¬', 6.626264754702097)"
far,"('ğŸŒŒ', 8.411227255423253)"
grow,"('ğŸ˜‹', 6.626264754702097)"
hurt,"('ğŸ“¨', 6.626264754702097)"
feelings,"('ğŸ˜­', 6.626264754702097)"
grown,"('ğŸ‘¦', 6.626264754702097)"
adults,"('ğŸ‘¨', 6.626264754702097)"
cum,"('ğŸ’¦', 54.51830545914073)"
obviosly,"('ğŸš«', 6.626264754702097)"
something,"('ğŸ˜…', 11.026264754702098)"
whether,"('ğŸŒ©', 6.626264754702097)"
mouth,"('ğŸ’‹', 6.626264754702097)"
delicious,"('ğŸ˜', 6.626264754702097)"
tart,"('ğŸ‘', 6.626264754702097)"
problem,"('ğŸ˜Š', 6.626264754702097)"
start,"('ğŸ”˜', 6.626264754702097)"
waiting,"('ğŸš', 6.626264754702097)"
ill,"('ğŸ˜·', 6.626264754702097)"
whoever,"('ğŸ‘¤', 6.626264754702097)"
person,"('ğŸš«', 6.626264754702097)"
wrote,"('ğŸ““', 11.87065887406055)"
knows,"('ğŸ‘ƒ', 6.626264754702097)"
who,"('ğŸ˜‚', 12.811227255423253)"
squirt,"('ğŸ’¦', 6.626264754702097)"
steal,"('ğŸ™…\u200dâ™‚ï¸', 7.566322214245816)"
share,"('ğŸ‘¨\u200dâ¤ï¸\u200dğŸ’‹\u200dğŸ‘¨', 7.419168520462161)"
questions,"('â“', 7.419168520462161)"
asked,"('â˜', 7.419168520462161)"
last,"('ğŸ¤”', 1.784962500721156)"
zone,"('â˜ª', 6.244394119358454)"
thot,"('ğŸ’…ğŸ»', 6.244394119358454)"
haram,"('ğŸ™…ğŸ»', 6.244394119358454)"
allah,"('ğŸ…ğŸ»', 6.244394119358454)"
egone,"('ğŸ‘‹ğŸ»', 12.967956075415465)"
sickens,"('ğŸ˜¤', 5.8438561897747245)"
mastering,"('ğŸ†', 5.8438561897747245)"
easy,"('ğŸš€', 5.8438561897747245)"
idea,"('ğŸ’¡', 5.8438561897747245)"
effort,"('ğŸ»', 5.8438561897747245)"
passion,"('ğŸ’˜', 5.8438561897747245)"
sell,"('ğŸ’¸', 5.8438561897747245)"
hghest,"('â¬†', 5.8438561897747245)"
pens,"('ğŸš¬', 5.8438561897747245)"
buy,"('ğŸ’³', 5.8438561897747245)"
able,"('ğŸ’ª', 5.8438561897747245)"
limited,"('ğŸ€', 5.8438561897747245)"
addition,"('ğŸ‰', 5.8438561897747245)"
deluxe,"('ğŸ™…', 5.8438561897747245)"
how,"('ğŸš´', 5.8438561897747245)"
hours,"('ğŸ™Œ', 5.8438561897747245)"
perfecting,"('ğŸ”¶', 5.8438561897747245)"
than,"('ğŸ', 5.8438561897747245)"
most,"('ğŸ‘€', 5.8438561897747245)"
inspirational,"('ğŸ·', 5.8438561897747245)"
form,"('ğŸ¬', 5.8438561897747245)"
respected,"('ğŸ“', 5.8438561897747245)"
by,"('ğŸ“š', 5.8438561897747245)"
requires,"('ğŸ”¬', 5.8438561897747245)"
intellect,"('ğŸ·', 5.8438561897747245)"
performing,"('ğŸŒ€', 5.8438561897747245)"
perfect,"('â™»', 5.8438561897747245)"
associate,"('ğŸ˜¢', 5.8438561897747245)"
willing,"('ğŸ™', 5.8438561897747245)"
sacrifice,"('ğŸ’…', 5.8438561897747245)"
upvote,"('ğŸ”¥', 4.287462841250339)"
legs,"('ğŸ—', 7.3292830169449665)"
diverse,"('ğŸ‘¬', 7.3292830169449665)"
colours,"('ğŸ™Œ', 7.3292830169449665)"
purple,"('ğŸ˜’', 7.3292830169449665)"
yesssss,"('ğŸ˜‚', 4.954887502163468)"
activist,"('ğŸ˜', 7.389824558880018)"
write,"('ğŸ“', 4.8438561897747245)"
priv,"('ğŸ‘¦', 1.784962500721156)"
friend,"('ğŸ™‹', 5.287462841250339)"
die,"('ğŸš¬', 5.287462841250339)"
karmawhore,"('ğŸ˜‚', 3.0073549220576044)"
early,"('ğŸ¤•', 1.2)"
karmawhoring,"('ğŸ¤”', 1.784962500721156)"
posts,"('ğŸ˜‚', 2.5219280948873624)"
laughs,"('ğŸ˜‚', 36.59321381610064)"
seattle,"('ğŸ™', 7.14251450533924)"
lmao,"('ğŸ˜‚', 63.149925291757725)"
eu,"('ğŸ³ï¸\u200dğŸŒˆ', 7.25528243550119)"
ï½’ï½…ï½‹ï½”,"('ğŸ˜', 7.25528243550119)"
amsterdam,"('ğŸ‡³ğŸ‡±', 5.8147098441152085)"
bois,"('ğŸ‘±\u200dâ™‚ï¸', 4.007354922057604)"
clouds,"('â˜', 4.007354922057604)"
california,"('ğŸ™', 11.982141981658778)"
confirmed,"('ğŸ˜‚', 6.941466986401148)"
tho,"('ğŸ˜©', 6.941466986401148)"
progressive,"('ğŸ˜©', 6.244394119358454)"
d,"('ğŸ‘', 5.329283016944967)"
prison,"('ğŸ™', 6.994415866350106)"
geen,"('âŒ', 3.5219280948873624)"
specerijen,"('ğŸ˜ ', 3.5219280948873624)"
female,"('ğŸšº', 7.165784284662088)"
boner,"('ğŸŒ½', 7.165784284662088)"
self,"('ğŸ‘…', 7.165784284662088)"
swimsuit,"('ğŸ‘™', 7.165784284662088)"
hair,"('ğŸ’‡', 7.165784284662088)"
boners,"('ğŸŒ½', 7.165784284662088)"
eyes,"('ğŸ˜', 7.165784284662088)"
jeans,"('ğŸ‘–', 7.165784284662088)"
porno,"('ğŸ‘‰', 7.165784284662088)"
gamers,"('ğŸ˜', 6.592317422778763)"
info,"('âœ', 6.592317422778763)"
gangbanded,"('ğŸ™‹\u200dâ™‚ï¸', 6.592317422778763)"
yourself,"('ğŸ˜³', 6.769855608330947)"
secrets,"('ğŸ˜µ', 6.057980995127572)"
wow,"('ğŸ˜„', 1.2)"
name,"('ğŸ˜ƒ', 1.2)"
cross,"('âœ', 4.007354922057604)"
tinder,"('ğŸ”¥', 6.6594316186372975)"
question,"('ğŸ¤·\u200dâ™€ï¸', 5.244394119358455)"
smash,"('â‰', 5.244394119358455)"
theres,"('ğŸ‘‰', 0.2)"
angel,"('ğŸ˜‡', 0.2)"
mf,"('ğŸ¯', 5.784962500721156)"
tendies,"('ğŸ”¥', 5.007354922057604)"
blackface,"('ğŸ‘¨ğŸ¿', 3.0073549220576044)"
belong,"('ğŸ‘', 0.2)"
r,"('ğŸ‘ğŸ»', 0.2)"
clapposts,"('ğŸ‘', 0.2)"
woo,"('ğŸš¨', 5.369925001442312)"
caught,"('â—', 5.369925001442312)"
skin,"('ğŸ‘ğŸ½', 5.369925001442312)"
tone,"('ğŸ‘ğŸ¾', 5.369925001442312)"
police,"('ğŸ‘®', 17.944850683942988)"
times,"('âŒš', 5.369925001442312)"
first,"('âœ…', 5.369925001442312)"
amirite,"('ğŸ‘¦ğŸ¿', 2.5219280948873624)"
l,"('ğŸ‘ğŸ¿', 0.4)"
p,"('ğŸ‘', 0.2)"
t,"('ğŸ‘ğŸ¿', 0.2)"
talk,"('ğŸ—£', 5.626264754702097)"
dark,"('â¬›', 5.626264754702097)"
skinned,"('ğŸ–ğŸ¿', 5.626264754702097)"
pai,"('ğŸ‘Œ', 7.318941072723508)"
slurp,"('ğŸ˜£', 7.318941072723508)"
peanut,"('ğŸ’¦', 7.318941072723508)"
cups,"('â„¢', 7.318941072723508)"
wants,"('â˜', 7.318941072723508)"
american,"('ğŸˆ', 7.318941072723508)"
thing,"('ğŸ‘', 7.318941072723508)"
net,"('ğŸ–¥', 5.3292830169449665)"
neutrality,"('â—', 5.3292830169449665)"
november,"('ğŸ¦ƒ', 6.082643049361843)"
ended,"('ğŸ”š', 6.082643049361843)"
being,"('ğŸ˜‘', 2.2)"
shut,"('ğŸ˜·', 2.2)"
down,"('ğŸ”»', 7.354196310386875)"
accord,"('ğŸ‡«ğŸ‡·', 6.428818690495881)"
fired,"('ğŸš«', 6.428818690495881)"
baes,"('ğŸ’‹', 6.428818690495881)"
oceans,"('ğŸŒŠ', 6.428818690495881)"
consume,"('ğŸ™', 6.428818690495881)"
socialist,"('ğŸš«', 2.2)"
real,"('ğŸ—', 3.784962500721156)"
bone,"('ğŸ–', 10.213781191217038)"
ken,"('ğŸŒ', 5.106890595608519)"
world,"('ğŸ˜—', 5.106890595608519)"
excited,"('ğŸ–', 5.106890595608519)"
hate,"('ğŸ‘¿', 5.106890595608519)"
new,"('ğŸ“‰', 5.106890595608519)"
mood,"('ğŸ”›', 5.106890595608519)"
sweet,"('ğŸ–', 5.106890595608519)"
rosey,"('ğŸ“·', 5.106890595608519)"
cheeked,"('âŒš', 5.106890595608519)"
invented,"('ğŸ–', 5.106890595608519)"
any,"('ğŸ‘', 5.106890595608519)"
bones,"('ğŸ–', 5.106890595608519)"
red,"('ğŸ…°', 5.106890595608519)"
still,"('ğŸ˜“', 5.106890595608519)"
fbi,"('ğŸ‘®', 7.349747119504683)"
cummybot,"('ğŸ˜˜', 7.266089190457772)"
floats,"('â›µ', 5.40945336562895)"
boat,"('ğŸ›¥', 5.40945336562895)"
nasty,"('ğŸ¤¢', 5.287462841250339)"
tracer,"('ğŸ‘', 6.88650052718322)"
angry,"('ğŸ˜¡', 6.106890595608518)"
arrows,"('â˜', 3.2)"
family,"('\U0001f970', 6.799912842187128)"
left,"('â¬…', 6.799912842187128)"
sad,"('ğŸ¤¤', 9.999912842187127)"
glass,"('ğŸ¥›', 6.799912842187128)"
doctor,"('ğŸ¤¤', 6.799912842187128)"
hydrate,"('\U0001f975', 4.784962500721156)"
unironically,"('ğŸ˜¥', 2.5219280948873624)"
shid,"('ğŸ’©', 2.2)"
crowded,"('ğŸŒ', 2.2)"
train,"('ğŸšŠ', 2.2)"
babies,"('ğŸ‘¶', 2.2)"
fard,"('ğŸ’¨', 2.2)"
insides,"('ğŸ‘„', 6.2)"
memory,"('ğŸ’­', 5.723561956057013)"
famiwy,"('\U0001f970', 3.2)"
weft,"('â¬…', 3.2)"
gwass,"('ğŸ¥›', 3.2)"
watew,"('\U0001f975', 3.2)"
doctow,"('ğŸ¤¤', 3.2)"
apparently,"('ğŸ˜¢', 3.2)"
naughty,"('ğŸ˜²', 27.55390453667257)"
use,"('ğŸ˜‚', 27.505306632383082)"
whatsapp,"('â˜', 9.184634845557524)"
changes,"('ğŸ˜­', 9.184634845557524)"
normie,"('ğŸ˜ ', 9.184634845557524)"
soul,"('ğŸ˜±', 9.184634845557524)"
spank,"('ğŸ‘', 9.184634845557524)"
choke,"('ğŸ˜ˆ', 9.184634845557524)"
beloved,"('ğŸ˜', 9.184634845557524)"
does,"('\U0001f92c', 3.3699250014423123)"
sluts,"('ğŸ˜˜', 6.98135971352466)"
wide,"('ğŸ˜®', 6.98135971352466)"
girth,"('ğŸ‘ğŸ¼', 6.98135971352466)"
snake,"('ğŸ‘‹ğŸ¼', 6.98135971352466)"
cummies,"('ğŸ’¦', 73.53012319699019)"
face,"('ğŸ˜', 6.98135971352466)"
wetter,"('â˜”', 6.98135971352466)"
spring,"('ğŸŒº', 6.98135971352466)"
raw,"('ğŸ˜±', 6.98135971352466)"
moistest,"('ğŸ³', 6.98135971352466)"
daddies,"('ğŸ’¦', 6.98135971352466)"
meaty,"('ğŸ–', 6.98135971352466)"
cummie,"('ğŸ’¦', 6.98135971352466)"
cookout,"('ğŸ”Ÿ', 6.98135971352466)"
whole,"('ğŸ‘ğŸ¼', 6.98135971352466)"
few,"('ğŸ‘‹ğŸ¼', 5.369925001442312)"
leaving,"('ğŸ˜˜', 5.369925001442312)"
room,"('ğŸ‘ğŸ¼', 5.369925001442312)"
slut,"('ğŸ†', 5.369925001442312)"
line,"('ğŸŒº', 5.369925001442312)"
tough,"('ğŸ’©', 5.369925001442312)"
special,"('ğŸ’¦', 5.369925001442312)"
boi,"('ğŸ”Ÿ', 5.369925001442312)"
khaki,"('ğŸ’¦', 5.369925001442312)"
dallas,"('ğŸ”Ÿ', 5.369925001442312)"
b,"('ğŸ’¯', 5.369925001442312)"
bbuy,"('ğŸ’¦', 5.369925001442312)"
trend,"('ğŸ“ˆ', 5.287462841250339)"
product,"('ğŸ’µ', 8.777428828035747)"
future,"('ğŸ“¦', 12.884319423644266)"
italics,"('ğŸ˜†', 5.723561956057013)"
fwee,"('ğŸ’\u200dâ™‚ï¸', 4.106890595608519)"
pwoduct,"('ğŸ’µ', 4.106890595608519)"
used,"('ğŸ˜’', 5.007354922057604)"
scouts,"('ğŸ†', 7.0328900141647415)"
selling,"('ğŸ’µ', 7.0328900141647415)"
thicc,"('ğŸ‘', 7.0328900141647415)"
mints,"('â‰', 7.0328900141647415)"
silly,"('ğŸ˜˜', 5.3292830169449665)"
loves,"('â¤', 2.7849625007211563)"
its,"('ğŸ¤–', 2.7849625007211563)"
sweets,"('ğŸ˜³', 2.7849625007211563)"
lucky,"('ğŸ€', 8.875733430966399)"
send,"('ğŸ”‹', 6.675733430966398)"
bitches,"('ğŸ“—', 6.675733430966398)"
shamrock,"('ğŸ€', 2.2)"
luckiest,"('ğŸŒ±', 2.2)"
contract,"('â', 2.2)"
important,"('ğŸ™ğŸ¿', 6.954887502163468)"
life,"('ğŸ˜®', 6.954887502163468)"
gonna,"('ğŸ˜¤', 6.954887502163468)"
eating,"('ğŸ¤¤', 6.954887502163468)"
drinking,"('ğŸ’¦', 12.547204924942227)"
sexy,"('ğŸ˜', 7.2223678130284545)"
booty,"('ğŸ˜œ', 7.2223678130284545)"
dehy,"('ğŸ…±', 5.592317422778762)"
ration,"('ğŸ˜µ', 5.592317422778762)"
se,"('â«', 5.592317422778762)"
rious,"('ğŸ†’', 5.592317422778762)"
hreatening,"('ğŸ¤•', 5.592317422778762)"
edic,"('ğŸ¨', 5.592317422778762)"
al,"('ğŸ…±', 5.592317422778762)"
ituation,"('ğŸ†', 5.592317422778762)"
jo,"('ğŸ¤¡', 5.592317422778762)"
ke,"('â—', 5.592317422778762)"
role,"('ğŸ™ˆ', 5.592317422778762)"
rolytes,"('âš¡', 5.592317422778762)"
physiology,"('ğŸŒˆ', 5.592317422778762)"
care,"('ğŸ†', 5.592317422778762)"
hy,"('ğŸ…±', 5.592317422778762)"
rate,"('ğŸ³', 5.592317422778762)"
adequate,"('ğŸš°', 5.592317422778762)"
local,"('ğŸ•Œ', 5.592317422778762)"
environ,"('ğŸ…±', 5.592317422778762)"
conditions,"('ğŸ”¥', 5.592317422778762)"
fore,"('ğŸ˜³', 5.592317422778762)"
loop,"('â€¼', 2.2)"
deny,"('ğŸ˜', 3.9004397181410932)"
racism,"('ğŸ™…ğŸ¾\u200dâ™‚ï¸', 3.5219280948873624)"
stay,"('ğŸ˜¡', 3.5219280948873624)"
within,"('ğŸ”’', 3.5219280948873624)"
lane,"('ğŸš˜', 3.5219280948873624)"
whitey,"('ğŸ‘®ğŸ»', 3.5219280948873624)"
spanksgiving,"('âœŠ', 6.082643049361843)"
corner,"('ğŸ“', 6.082643049361843)"
dirty,"('ğŸ˜Œ', 6.082643049361843)"
lil,"('ğŸ‘©\u200dğŸŒ¾', 6.082643049361843)"
naked,"('ğŸ˜', 12.165286098723685)"
sure,"('â˜', 6.082643049361843)"
phat,"('ğŸ˜‹', 6.082643049361843)"
pumpkin,"('ğŸƒ', 6.082643049361843)"
cream,"('ğŸ‰', 6.082643049361843)"
pie,"('ğŸ¯', 6.082643049361843)"
lots,"('ğŸ™Œ', 6.082643049361843)"
whipped,"('ğŸ‘‹', 6.082643049361843)"
turkey,"('ğŸ¦ƒ', 6.082643049361843)"
jerky,"('âœŠ', 6.082643049361843)"
ready,"('ğŸ‹', 6.082643049361843)"
receive,"('ğŸ˜Œ', 6.082643049361843)"
sloppy,"('ğŸŒŠ', 6.082643049361843)"
gravy,"('ğŸ‘¶', 6.082643049361843)"
thankful,"('ğŸ‘', 6.082643049361843)"
gain,"('ğŸ”Ÿ', 6.082643049361843)"
pounds,"('ğŸ¥˜', 6.082643049361843)"
stuffed,"('ğŸ‘‰', 6.082643049361843)"
baddd,"('ğŸ˜µ', 6.082643049361843)"
colonial,"('ğŸŒ½', 6.082643049361843)"
creamer,"('ğŸ¥›', 6.082643049361843)"
gained,"('3ï¸âƒ£', 6.082643049361843)"
thirty,"('0ï¸âƒ£', 6.082643049361843)"
pants,"('ğŸ˜‚', 4.784962500721156)"
marriage,"('ğŸ™‰', 4.784962500721156)"
counseling,"('ğŸ˜‚', 4.784962500721156)"
haha,"('ğŸ˜…', 3.5219280948873624)"
bro,"('ğŸ˜†', 3.5219280948873624)"
hahahahha,"('ğŸš«', 3.5219280948873624)"
holy,"('ğŸ˜²', 3.5219280948873624)"
omg,"('ğŸ’¡', 3.5219280948873624)"
devoted,"('ğŸ‘', 3.5219280948873624)"
past,"('ğŸ˜', 3.5219280948873624)"
hell,"('ğŸ˜Ÿ', 3.5219280948873624)"
falling,"('ğŸ”¥', 3.5219280948873624)"
yeah,"('ğŸ‘', 3.5219280948873624)"
satan,"('ğŸ•³', 3.5219280948873624)"
turn,"('ğŸ˜‰', 3.5219280948873624)"
stick,"('ğŸ†', 3.5219280948873624)"
throbbing,"('ğŸ˜ˆ', 3.5219280948873624)"
lap,"('ğŸ’¦', 3.5219280948873624)"
cat,"('ğŸ˜«', 3.5219280948873624)"
many,"('ğŸ˜²', 3.5219280948873624)"
lost,"('ğŸ˜”', 5.784962500721156)"
bigger,"('ğŸ ', 6.575039431346925)"
society,"('ğŸ˜©', 4.592317422778762)"
y,"('ğŸ˜³', 0.2)"
m,"('ğŸ˜‚', 5.354196310386875)"
xd,"('ğŸ˜†', 3.5219280948873624)"
effect,"('ğŸ‘Œ', 2.5219280948873624)"
acceptable,"('ğŸ˜‚', 7.521928094887363)"
beverage,"('ğŸ¸', 7.521928094887363)"
cup,"('â˜•', 7.521928094887363)"
yummies,"('ğŸ¤¤', 7.521928094887363)"
peace,"('ğŸ’¦', 7.521928094887363)"
died,"('ğŸ˜ª', 6.389824558880018)"
retired,"('ğŸ˜‚', 4.723561956057012)"
resigned,"('ğŸ¤£', 5.521928094887363)"
seen,"('ğŸ‘', 6.2)"
clap,"('ğŸ‘ğŸ¿', 2.5219280948873624)"
racially,"('ğŸ‘ğŸ»', 2.5219280948873624)"
tsk,"('ğŸ˜¤', 6.642943495848727)"
wish,"('\U0001f928', 7.438404739325079)"
aggie,"('ğŸ˜«', 7.438404739325079)"
prostate,"('ğŸ‰', 7.438404739325079)"
field,"('ğŸˆ', 7.438404739325079)"
week,"('âœ”', 7.506890595608518)"
sexas,"('ğŸ‘', 7.506890595608518)"
finals,"('âœ‹', 3.5219280948873624)"
meat,"('ğŸ˜©', 7.506890595608518)"
library,"('ğŸ›', 11.491853096329674)"
kushing,"('ğŸ', 3.5219280948873624)"
army,"('ğŸ˜ ', 3.5219280948873624)"
fight,"('ğŸ‘Š', 7.506890595608518)"
cockulus,"('ğŸ“‰', 7.506890595608518)"
cumestry,"('âš—', 7.506890595608518)"
ecumnomics,"('ğŸ’‹', 7.506890595608518)"
lit,"('ğŸ—', 7.506890595608518)"
phydicks,"('ğŸ’¦', 7.506890595608518)"
professor,"('ğŸ‘¨ğŸ»\u200dğŸ«', 3.5219280948873624)"
biology,"('â—»', 3.5219280948873624)"
starbucks,"('â˜•', 3.5219280948873624)"
lines,"('ğŸ˜©', 7.506890595608518)"
tex,"('ğŸ‘', 3.0073549220576044)"
btho,"('ğŸ”ª', 3.0073549220576044)"
welb,"('â­•', 3.0073549220576044)"
procrastination,"('ğŸ’¤', 3.984962500721157)"
boys,"('ğŸ‘¦ğŸ¾', 3.984962500721157)"
curves,"('â†ª', 3.984962500721157)"
longer,"('â†”', 3.984962500721157)"
wtf,"('\U0001f928', 5.723561956057013)"
dumbie,"('ğŸ¤¤', 5.723561956057013)"
bafoon,"('ğŸ˜‘', 5.723561956057013)"
phase,"('ğŸ‘', 5.626264754702097)"
shoved,"('ğŸ‘†', 5.626264754702097)"
ipa,"('ğŸº', 5.626264754702097)"
crying,"('ğŸ˜­', 5.626264754702097)"
cherry,"('ğŸ’', 5.626264754702097)"
house,"('ğŸ˜©', 5.626264754702097)"
imagine,"('ğŸ¤”', 5.626264754702097)"
soundcloud,"('ğŸ¶', 5.626264754702097)"
link,"('ğŸ”—', 5.626264754702097)"
tumblr,"('â€¼', 5.626264754702097)"
cloud,"('â˜', 5.626264754702097)"
vibes,"('âœ¨', 5.626264754702097)"
inspiration,"('ğŸ™Œ', 5.626264754702097)"
mac,"('ğŸš¬', 3.6594316186372975)"
hipster,"('ğŸ¤“', 3.6594316186372975)"
rewind,"('â®', 22.77695226833628)"
fortnite,"('ğŸ’©', 22.77695226833628)"
brownie,"('ğŸ‘¨ğŸ¿', 7.592317422778762)"
control,"('â®', 7.592317422778762)"
mark,"('ğŸ‘¨ğŸ¿', 15.184634845557524)"
could,"('â®', 7.592317422778762)"
brownies,"('ğŸ«', 7.165784284662088)"
poet,"('â¤', 7.438404739325079)"
watched,"('ğŸ˜²', 1.2)"
historian,"('ğŸ’¦', 4.369925001442312)"
wh,"('ğŸ…°', 5.40945336562895)"
kiss,"('â¤', 5.40945336562895)"
mom,"('ğŸ‘´ğŸ¿', 5.40945336562895)"
business,"('ğŸ˜‚', 5.40945336562895)"
cums,"('ğŸ’¦', 27.408217704096746)"
santa,"('ğŸ…ğŸ½', 7.094817763307943)"
hold,"('ğŸ™…ğŸ½', 7.094817763307943)"
push,"('ğŸ‘¨ğŸ»', 7.094817763307943)"
let,"('ğŸ¡', 7.094817763307943)"
father,"('ğŸ…ğŸ½', 7.094817763307943)"
making,"('â', 7.094817763307943)"
naughtiest,"('ğŸ˜¼', 7.094817763307943)"
nastiest,"('â—', 7.094817763307943)"
basic,"('ğŸ‘…', 7.094817763307943)"
eaten,"('1ï¸âƒ£', 7.094817763307943)"
cookies,"('ğŸ…ğŸ½', 7.094817763307943)"
slurped,"('ğŸ†', 7.094817763307943)"
yummy,"('â©', 7.094817763307943)"
nummy,"('ğŸŒ¨', 7.094817763307943)"
list,"('ğŸ“œ', 3.900439718141093)"
calling,"('ğŸ“', 6.287462841250338)"
pieces,"('ğŸ£', 5.754588851677637)"
absolute,"('ğŸ™…ğŸ»\u200dâ™‚ï¸', 5.754588851677637)"
art,"('ğŸ‘¨\u200dğŸ¨', 5.754588851677637)"
demand,"('\U0001f92c', 5.754588851677637)"
price,"('ğŸ’¸', 5.754588851677637)"
hungry,"('ğŸ¤¤', 6.266089190457772)"
feed,"('ğŸ', 5.521928094887363)"
thanks,"('ğŸ˜˜', 4.447927513443585)"
hilarious,"('ğŸ˜‚', 6.266089190457772)"
wouldnt,"('ğŸš«', 6.266089190457772)"
beats,"('ğŸ¤œ', 6.266089190457772)"
chillest,"('â„', 6.266089190457772)"
restaurants,"('ğŸ”', 6.266089190457772)"
aftetrlife,"('â˜', 6.266089190457772)"
dudes,"('ğŸ‘¬', 6.266089190457772)"
boxes,"('ğŸš¹', 6.266089190457772)"
lol,"('ğŸ¤£', 6.266089190457772)"
music,"('ğŸ¶', 14.278380065109117)"
semphis,"('ğŸ¤£', 3.0073549220576044)"
together,"('ğŸ˜”', 6.057980995127572)"
vro,"('ğŸ˜“', 2.2)"
favorite,"('ğŸ˜', 9.20842862207058)"
mine,"('ğŸ‘ˆğŸ»', 4.521928094887364)"
giver,"('ğŸ˜', 7.777428828035749)"
insolent,"('ğŸ˜¤', 6.784962500721156)"
alone,"('ğŸ˜£', 6.784962500721156)"
myself,"('ğŸ”ª', 6.177279923499918)"
yum,"('ğŸ˜', 1.784962500721156)"
divorce,"('ğŸ¤¦ğŸ»\u200dâ™€ï¸', 7.723561956057013)"
literally,"('ğŸ˜', 3.2)"
garbage,"('ğŸ†', 3.0073549220576044)"
else,"('ğŸ˜±', 1.2)"
clean,"('ğŸ™ˆ', 7.082643049361843)"
tight,"('ğŸ˜˜', 7.082643049361843)"
cleans,"('\U0001f9fc', 6.007354922057604)"
pipe,"('ğŸ†', 6.007354922057604)"
joy,"('ğŸ˜‚', 5.691853096329675)"
cutting,"('âœ‚', 5.691853096329675)"
prouder,"('ğŸ˜', 4.6594316186372975)"
since,"('ğŸ¤”', 4.6594316186372975)"
rated,"('ğŸ’¯', 3.2)"
germany,"('ğŸ‡©ğŸ‡ª', 3.2)"
jedem,"('ğŸ‘€', 1.784962500721156)"
told,"('ğŸ˜', 1.2)"
emo,"('ğŸ‘€', 1.2)"
goth,"('ğŸ‘¨ğŸ¼\u200dğŸ¤', 1.2)"
creative,"('ğŸ¤”', 5.521928094887363)"
jetzt,"('ğŸ˜‚', 4.6594316186372975)"
quizzical,"('\U0001f928', 6.0328900141647415)"
studied,"('ğŸ¤“', 6.2328900141647425)"
pataphysical,"('ğŸ‘»', 6.0328900141647415)"
science,"('\U0001f9e0', 6.2328900141647425)"
nights,"('ğŸŒ', 6.2328900141647425)"
tube,"('\U0001f9ea', 6.2328900141647425)"
ohhohoho,"('ğŸ¼', 6.2328900141647425)"
maxwell,"('\U0001f9d1ğŸ»', 6.0328900141647415)"
edison,"('ğŸ“', 6.2328900141647425)"
majoring,"('ğŸ’ªğŸ¼', 6.0328900141647415)"
medicine,"('\U0001f9eb', 6.2328900141647425)"
calls,"('ğŸ—£', 6.0328900141647415)"
pictures,"('ğŸ¥', 6.0328900141647415)"
oan,"('ğŸ‘±ğŸ»\u200dâ™€ï¸', 6.2328900141647425)"
knock,"('âœŠğŸ¼', 6.2328900141647425)"
bang,"('ğŸ’¢', 20.49867004249421)"
silver,"('ğŸ”¨', 6.0328900141647415)"
came,"('â¬‡', 6.0328900141647415)"
upon,"('ğŸ‘±ğŸ»\u200dâ™€ï¸', 6.0328900141647415)"
head,"('ğŸ’¢', 18.098670042494227)"
hammer,"('ğŸ™ğŸ»\u200dâ™‚ï¸', 6.0328900141647415)"
school,"('ğŸ˜’', 6.0328900141647415)"
plays,"('\U0001f92a', 6.0328900141647415)"
fool,"('ğŸ˜', 6.0328900141647415)"
gets,"('ğŸ˜ ', 6.0328900141647415)"
annoyed,"('ğŸ™ğŸ¼', 6.0328900141647415)"
avoid,"('ğŸ˜“', 6.0328900141647415)"
sce,"('\U0001f973', 6.0328900141647415)"
ne,"('ğŸ‘©ğŸ»\u200dğŸ«', 6.0328900141647415)"
max,"('â˜ğŸ¼', 6.0328900141647415)"
dead,"('ğŸŒŸ', 6.0328900141647415)"
stands,"('ğŸ‘¤', 6.0328900141647415)"
painting,"('ğŸ—£', 6.0328900141647415)"
rose,"('\U0001f9b1', 6.0328900141647415)"
valerie,"('\U0001f9b3', 6.0328900141647415)"
screaming,"('ğŸ‘¥', 6.0328900141647415)"
gallery,"('\U0001f9d1ğŸ»', 6.0328900141647415)"
must,"('ğŸƒğŸ»\u200dâ™‚ï¸', 6.0328900141647415)"
agree,"('ğŸ‘¨ğŸ¾\u200dâš–ï¸', 6.0328900141647415)"
lips,"('â€¼', 6.0328900141647415)"
noise,"('â†ª', 6.0328900141647415)"
made,"('ğŸ‘¨ğŸ¾\u200dâš–ï¸', 6.0328900141647415)"
cut,"('ğŸ—¡', 3.6594316186372975)"
craig,"('ğŸš¶\u200dâ™€ï¸', 3.2)"
anytime,"('ğŸ˜©', 5.369925001442312)"
double,"('âœŒ', 3.6594316186372975)"
team,"('ğŸ‘¨\u200dğŸ‘¨\u200dğŸ‘§', 3.6594316186372975)"
quizzicaw,"('\U0001f928', 0.2)"
pataphysicaw,"('ğŸ‘»', 0.2)"
awone,"('ğŸ‘©ğŸ¼\u200dâš•ï¸', 0.2)"
maxweww,"('\U0001f9d1ğŸ»', 0.6000000000000001)"
majowing,"('ğŸ’ªğŸ¼', 0.2)"
cawws,"('ğŸ—£', 0.2)"
hew,"('ğŸ‘±ğŸ»\u200dâ™€ï¸', 0.4)"
pictuwes,"('ğŸ¥', 0.2)"
doow,"('ğŸšª', 0.2)"
hammew,"('ğŸ”¨', 1.2)"
suwe,"('ğŸ™ğŸ»\u200dâ™‚ï¸', 0.2)"
deaf,"('ğŸ’€', 0.6000000000000001)"
schoow,"('ğŸ«', 0.2)"
foow,"('\U0001f92a', 0.2)"
teachew,"('ğŸ‘©ğŸ»\u200dğŸ«', 0.2)"
wishing,"('ğŸ™ğŸ¼', 0.2)"
unpweasant,"('ğŸ˜“', 0.2)"
cwass,"('ğŸ‘¶ğŸ½', 0.2)"
wwiting,"('âœğŸ¼', 0.2)"
tuwns,"('â†ª', 0.2)"
cweeps,"('ğŸ‘¹', 0.2)"
diwty,"('ğŸ–', 0.2)"
wose,"('ğŸ‘©ğŸ¾', 0.2)"
vawewie,"('ğŸ‘©ğŸ¼', 0.2)"
scweaming,"('ğŸ˜±', 0.2)"
fwom,"('ğŸ‘¥', 0.2)"
gawwewy,"('ğŸ‘‚ğŸ»', 0.2)"
agwee,"('ğŸ˜²', 0.2)"
dem,"('ğŸ‘©ğŸ¾', 0.2)"
de,"('ğŸ˜®', 0.2)"
wowds,"('ğŸ—£', 0.2)"
wips,"('ğŸ‘„', 0.2)"
maybe,"('ğŸ¤·', 2.2)"
hes,"('ğŸ—¨', 4.8438561897747245)"
mmmmmĞ¼,"('ğŸ’¦', 4.8438561897747245)"
booooyyyyyyyyyyy,"('ğŸ’¦', 3.0073549220576044)"
yasssss,"('ğŸ’–', 3.0073549220576044)"
pulllleeaaaaaseee,"('ğŸ’¦', 3.0073549220576044)"
mmmmmmmmmmmm,"('ğŸ’–', 3.0073549220576044)"
ooooooooooo,"('ğŸ’¦', 3.0073549220576044)"
wooooopppeeee,"('ğŸ’–', 3.0073549220576044)"
fire,"('ğŸ’¯', 2.5219280948873624)"
princess,"('ğŸ’¦', 1.2)"
pout,"('ğŸ˜', 3.3699250014423123)"
drink,"('ğŸ’¦', 3.3699250014423123)"
harder,"('ğŸ˜«', 3.3699250014423123)"
also,"('ğŸ’Ÿ', 3.3699250014423123)"
bring,"('ğŸš¶', 6.0328900141647415)"
true,"('ğŸ’¯', 6.0328900141647415)"
lord,"('ğŸ˜‡', 6.0328900141647415)"
existence,"('ğŸ’', 6.0328900141647415)"
asap,"('ğŸ†', 6.0328900141647415)"
masturbation,"('ğŸ’¦', 4.6594316186372975)"
sir,"('ğŸ˜­', 6.244394119358454)"
hearts,"('â¤', 5.057980995127572)"
nothing,"('ğŸ†', 8.96487159073609)"
brother,"('ğŸ¤¹\u200dâ™‚ï¸', 4.007354922057604)"
alive,"('â€¼', 27.11814485879652)"
conscious,"('ğŸ”¥', 7.651211111832329)"
three,"('ğŸ‘Œ', 2.5219280948873624)"
chosen,"('ğŸ¤›', 2.5219280948873624)"
gift,"('ğŸ”«', 1.2)"
actually,"('ğŸ˜œ', 6.872425341971495)"
laid,"('ğŸ˜‚', 6.872425341971495)"
fetishes,"('ğŸ”', 6.872425341971495)"
furry,"('ğŸ˜¾', 6.872425341971495)"
dom,"('ğŸº', 6.872425341971495)"
butt,"('ğŸ‘', 6.872425341971495)"
applause,"('ğŸ‘', 14.072425341971492)"
community,"('â¤', 6.872425341971495)"
doms,"('ğŸ˜¼', 6.872425341971495)"
super,"('ğŸ’¢', 6.872425341971495)"
rare,"('â˜¯', 6.872425341971495)"
literal,"('ğŸ˜', 6.872425341971495)"
thoroughbred,"('ğŸ', 6.872425341971495)"
while,"('ğŸ‘¨ğŸ¿', 6.872425341971495)"
cucked,"('âŒ', 6.872425341971495)"
guy,"('ğŸ¤§', 6.872425341971495)"
notice,"('âŒ', 6.872425341971495)"
smirking,"('ğŸ—£', 6.872425341971495)"
telling,"('ğŸ‘¬', 6.872425341971495)"
weirdo,"('ğŸ˜‚', 6.872425341971495)"
blowjobs,"('ğŸ‘', 6.872425341971495)"
anal,"('âŒ', 6.872425341971495)"
stinky,"('ğŸ”', 6.872425341971495)"
beef,"('ğŸ˜¹', 6.872425341971495)"
butts,"('ğŸŒš', 6.872425341971495)"
baybee,"('â“', 6.872425341971495)"
fursona,"('ğŸ™', 6.872425341971495)"
cry,"('ğŸ‘©ğŸ»', 6.872425341971495)"
muh,"('ğŸ‘¨ğŸ»', 6.872425341971495)"
genocide,"('ğŸ’ğŸ»', 6.872425341971495)"
stacey,"('â›”', 6.872425341971495)"
burns,"('ğŸ’Š', 6.872425341971495)"
drug,"('ğŸ…±', 6.872425341971495)"
town,"('ğŸ˜', 6.872425341971495)"
nowhere,"('ğŸ˜°', 6.872425341971495)"
near,"('ğŸ‘‰', 6.872425341971495)"
yours,"('ğŸ˜¼', 6.872425341971495)"
familiar,"('ğŸ¤“', 4.007354922057604)"
approve,"('ğŸ‘ŒğŸ¼', 4.007354922057604)"
stud,"('ğŸ˜', 7.045490050944375)"
alpha,"('ğŸº', 3.7849625007211563)"
diccc,"('ğŸ†', 6.8438561897747245)"
treat,"('ğŸ¬', 6.8438561897747245)"
lady,"('ğŸ‘©ğŸ¼\u200dğŸ’¼', 6.8438561897747245)"
thumb,"('ğŸ‘ğŸ»', 6.8438561897747245)"
supposed,"('ğŸ˜©', 7.683815777264257)"
private,"('ğŸ˜³', 7.683815777264257)"
accidentally,"('ğŸ™ˆ', 8.93809225962049)"
sent,"('ğŸ˜³', 20.79341947992505)"
balls,"('ğŸ†', 11.945447181678094)"
delete,"('âŒ', 8.93809225962049)"
desire,"('ğŸ˜', 8.93809225962049)"
jest,"('ğŸ›‘', 13.892979761783959)"
crave,"('âŒ', 8.93809225962049)"
banish,"('ğŸ™ˆ', 20.79341947992505)"
shall,"('ğŸ‘½', 6.557552004618084)"
maiden,"('ğŸ‘¸ğŸ¿', 2.2)"
gentleman,"('ğŸ©', 7.548728154231077)"
cummings,"('ğŸ‘…', 7.548728154231077)"
accidentawwy,"('ğŸ™ˆ', 18.755766938445653)"
bawws,"('ğŸ†', 18.755766938445653)"
dewete,"('âŒ', 25.656206656586747)"
desiwe,"('ğŸ˜', 4.954887502163468)"
cwave,"('âŒ', 4.954887502163468)"
story,"('ğŸ˜±', 17.106493547333518)"
eve,"('ğŸ‘«', 6.447927513443585)"
serpent,"('ğŸ', 6.447927513443585)"
blizzie,"('ğŸ”¥', 6.447927513443585)"
spanking,"('ğŸ‘ğŸ»', 6.447927513443585)"
thottie,"('ğŸ’€', 6.447927513443585)"
devils,"('ğŸ‘¹', 6.447927513443585)"
lettuce,"('ğŸ', 6.447927513443585)"
banished,"('ğŸ˜±', 6.447927513443585)"
forbidden,"('âŒ', 6.447927513443585)"
fruit,"('ğŸ’¦', 6.447927513443585)"
pass,"('â¡', 6.447927513443585)"
blunt,"('ğŸ˜±', 6.447927513443585)"
song,"('ğŸ¶', 5.244394119358454)"
youth,"('ğŸ‘¦', 5.244394119358454)"
teach,"('ğŸ“', 5.244394119358454)"
truth,"('ğŸ˜®', 5.244394119358454)"
street,"('ğŸš—', 5.244394119358454)"
rap,"('ğŸ¤', 5.244394119358454)"
beat,"('ğŸ¼', 5.244394119358454)"
urban,"('ğŸ ', 5.244394119358454)"
fly,"('ğŸ', 5.244394119358454)"
crew,"('ğŸ‘¨\u200dğŸ‘©\u200dğŸ‘§\u200dğŸ‘¦', 5.244394119358454)"
oooooooo,"('ğŸ™Œ', 5.244394119358454)"
wine,"('ğŸ·', 6.444394119358454)"
exchanger,"('ğŸ”ƒ', 5.244394119358454)"
sins,"('ğŸ˜ˆ', 5.244394119358454)"
preach,"('ğŸ™', 5.244394119358454)"
rhyme,"('ğŸ¤', 5.244394119358454)"
sin,"('ğŸ‘„', 5.244394119358454)"
burn,"('ğŸ”¥', 5.244394119358454)"
mic,"('ğŸ‘©', 5.244394119358454)"
bust,"('ğŸ¤', 5.244394119358454)"
jesus,"('ğŸ‘¨ğŸ¿', 5.244394119358454)"
elucidate,"('ğŸ‘¨\u200dğŸ‘©\u200dğŸ‘§\u200dğŸ‘¦', 5.244394119358454)"
mc,"('ğŸ˜', 5.244394119358454)"
mad,"('ğŸ‘‰', 5.244394119358454)"
critique,"('ğŸ˜…', 5.244394119358454)"
cheek,"('ğŸ˜', 5.244394119358454)"
blaspheme,"('ğŸ¤‘', 5.244394119358454)"
proud,"('ğŸ‡¨ğŸ‡¦', 5.244394119358454)"
through,"('â¤', 5.244394119358454)"
cap,"('ğŸ‘', 5.244394119358454)"
hallelujah,"('ğŸ‘¼', 5.244394119358454)"
jc,"('ğŸ¤‘', 5.244394119358454)"
honest,"('ğŸ˜', 5.244394119358454)"
caring,"('ğŸ‘¨ğŸ¿', 5.244394119358454)"
tall,"('ğŸ‘¼', 5.244394119358454)"
lived,"('ğŸ ', 11.45798099512757)"
russia,"('ğŸ‡·ğŸ‡º', 11.45798099512757)"
ago,"('â°', 11.45798099512757)"
strong,"('ğŸ’ª', 15.85798099512757)"
flaming,"('ğŸ”¥', 11.45798099512757)"
glow,"('ğŸ’¡', 11.45798099512757)"
looked,"('ğŸ‘€', 11.45798099512757)"
terror,"('ğŸ‘»', 11.45798099512757)"
fear,"('ğŸ˜±', 11.45798099512757)"
moscow,"('ğŸ‡·ğŸ‡º', 11.45798099512757)"
chicks,"('ğŸ£', 11.45798099512757)"
bible,"('ğŸ“–', 11.45798099512757)"
preacher,"('â›ª', 11.45798099512757)"
ecstasy,"('ğŸ’Š', 11.45798099512757)"
women,"('ğŸšº', 11.45798099512757)"
ra,"('ğŸ‡·ğŸ‡º', 95.43192398051036)"
rasputin,"('ğŸ’‘', 10.257980995127571)"
russian,"('ğŸ‘©', 7.057980995127572)"
really,"('ğŸˆ', 7.057980995127572)"
greatest,"('ğŸ’“', 7.057980995127572)"
czar,"('ğŸ‘‘', 11.45798099512757)"
dealer,"('ğŸ‘©', 7.057980995127572)"
healer,"('ğŸ¥', 7.057980995127572)"
heal,"('ğŸ‘¦', 7.057980995127572)"
lover,"('ğŸ‡·ğŸ‡º', 7.057980995127572)"
lusting,"('ğŸ”Œ', 7.057980995127572)"
became,"('ğŸ‘¨', 7.057980995127572)"
outrageous,"('ğŸ”Š', 7.057980995127572)"
louder,"('â¡', 7.057980995127572)"
declared,"('ğŸ™', 7.057980995127572)"
enemies,"('âŒ', 7.057980995127572)"
begged,"('ğŸ‡·ğŸ‡º', 7.057980995127572)"
doubt,"('ğŸ‘¨', 7.057980995127572)"
had,"('ğŸ’ª', 7.057980995127572)"
fell,"('ğŸ‘¨', 7.057980995127572)"
arms,"('â¬†', 7.057980995127572)"
visit,"('ğŸ‡·ğŸ‡º', 7.057980995127572)"
demanding,"('ğŸ’‘', 7.057980995127572)"
machine,"('ğŸ‡·ğŸ‡º', 14.115961990255144)"
fine,"('ğŸ‘‘', 7.057980995127572)"
quit,"('ğŸ’“', 7.057980995127572)"
wanted,"('ğŸ“ ', 7.057980995127572)"
full,"('ğŸŒ', 4.4)"
carried,"('ğŸ™„', 4.4)"
ruled,"('ğŸ‘¸', 4.4)"
land,"('ğŸ’•', 4.4)"
danced,"('ğŸ’ƒğŸ»', 4.4)"
state,"('ğŸ“”', 4.4)"
squeeze,"('ğŸ‘«', 4.4)"
hunger,"('ğŸ†', 4.4)"
known,"('ğŸ“', 4.4)"
ladies,"('ğŸ‘©', 5.6000000000000005)"
try,"('ğŸ’¦', 3.2)"
charms,"('ğŸ‘¨', 3.2)"
brute,"('ğŸ‘¥', 3.2)"
men,"('ğŸ’¦', 3.2)"
higher,"('ğŸ“', 3.2)"
set,"('ğŸ‘Œ', 3.2)"
kept,"('ğŸ‘', 3.2)"
poison,"('ğŸ’¦', 3.2)"
drank,"('ğŸ’¯', 3.2)"
shot,"('ğŸ‘¨', 3.2)"
russians,"('ğŸ‡·ğŸ‡º', 1.2)"
knew,"('ğŸ¤”', 7.070364719583405)"
history,"('â°', 7.070364719583405)"
taste,"('ğŸ‘…', 6.308524456778169)"
words,"('ğŸµ', 5.521928094887363)"
capitalist,"('ğŸ™…ğŸ»\u200dâ™‚ï¸', 3.0073549220576044)"
pig,"('ğŸ–', 3.0073549220576044)"
sleep,"('ğŸ˜´', 1.784962500721156)"
favourite,"('â¤', 7.7077946401986965)"
band,"('ğŸ¤', 7.7077946401986965)"
quirky,"('\U0001f92a', 7.7077946401986965)"
unlike,"('â˜¹', 7.7077946401986965)"
generation,"('ğŸ‰', 7.7077946401986965)"
normies,"('ğŸ’\u200dâ™‚ï¸', 7.7077946401986965)"
listening,"('ğŸ‘‚', 7.7077946401986965)"
pump,"('\U0001f92e', 7.7077946401986965)"
going,"('ğŸ˜', 2.7849625007211563)"
seven,"('ğŸ•œ', 2.7849625007211563)"
flight,"('ğŸ¦', 2.7849625007211563)"
minute,"('ğŸ˜Œ', 2.7849625007211563)"
drive,"('ğŸ', 2.7849625007211563)"
drip,"('ğŸŠ\u200dâ™‚ï¸', 6.466786540694901)"
definitely,"('ğŸ˜¨', 5.626264754702098)"
born,"('ğŸ‘¶ğŸ½', 5.626264754702098)"
cultured,"('ğŸ˜«', 4.287462841250339)"
joke,"('ğŸ˜‚', 4.287462841250339)"
language,"('ğŸ—£', 4.6594316186372975)"
looking,"('ğŸ‘€', 5.927920454563199)"
sharp,"('âœ‚', 5.927920454563199)"
cuz,"('ğŸ‘', 5.927920454563199)"
fartass,"('ğŸ˜¤', 4.287462841250339)"
sometime,"('ğŸ‘‚', 4.900439718141092)"
started,"('ğŸ’¸', 7.609390936137702)"
mining,"('â›', 7.609390936137702)"
diamonds,"('ğŸ’', 7.609390936137702)"
laggin,"('ğŸ‘', 7.609390936137702)"
dragon,"('ğŸ²', 7.609390936137702)"
pick,"('ğŸ’', 7.609390936137702)"
admin,"('âœˆ', 7.609390936137702)"
gemmi,"('ğŸ‘‘', 7.609390936137702)"
picky,"('â›', 7.609390936137702)"
diggy,"('ğŸ› ', 7.609390936137702)"
sicky,"('ğŸ¤¢', 7.609390936137702)"
maincra,"('ğŸ¤“', 1.784962500721156)"
pics,"('ğŸ¥', 3.0073549220576044)"
happen,"('ğŸ˜ª', 3.0073549220576044)"
savior,"('ğŸ™Œ', 6.308524456778169)"
pleasure,"('ğŸ‘‰', 7.592317422778761)"
beg,"('ğŸ˜©', 7.592317422778761)"
sisters,"('ğŸ˜‰', 7.592317422778761)"
tasty,"('ğŸ˜‹', 7.592317422778761)"
priests,"('âœ', 4.106890595608519)"
yiff,"('ğŸ¦Š', 8.270364719583405)"
guess,"('ğŸ¤”', 8.270364719583405)"
pop,"('ğŸ’‹', 8.270364719583405)"
glomp,"('ğŸ™€', 7.070364719583405)"
another,"('ğŸ˜', 7.070364719583405)"
gon,"('ğŸ˜‹', 8.270364719583405)"
pounce,"('ğŸ…', 8.270364719583405)"
nope,"('ğŸš«', 5.106890595608519)"
wove,"('ğŸ’•', 1.2)"
yuw,"('ğŸ‘€', 1.2)"
dat,"('ğŸŒ', 1.2)"
pweasuwe,"('ğŸ‘‰', 1.2)"
aww,"('ğŸ‘‡', 1.2)"
befowe,"('âœ', 1.2)"
fow,"('ğŸ’¦', 1.2)"
sistews,"('ğŸ‘‰', 1.2)"
dewe,"('ğŸ‘Œ', 1.2)"
wike,"('âœ', 1.2)"
woad,"('ğŸ’¦', 1.2)"
nevew,"('ğŸš«', 1.2)"
fwiend,"('ğŸ™Š', 1.2)"
gwomp,"('ğŸ™€', 1.2)"
anothew,"('ğŸ˜', 1.2)"
giww,"('ğŸ’ƒ', 1.2)"
yearn,"('ğŸ‘', 5.154196310386875)"
death,"('ğŸ˜¹', 5.154196310386875)"
funny,"('ğŸ˜‚', 13.115104009236168)"
ironic,"('ğŸ™„', 6.557552004618084)"
laugh,"('ğŸ˜‚', 6.557552004618084)"
unfunny,"('ğŸ™ƒ', 6.557552004618084)"
lmfao,"('ğŸ’\u200dâ™€ï¸', 6.557552004618084)"
shove,"('ğŸ‘Š', 6.557552004618084)"
orange,"('ğŸŠ', 6.557552004618084)"
acting,"('ğŸ­', 4.900439718141092)"
bruh,"('ğŸ˜¤', 3.2)"
protec,"('ğŸ›¡', 9.384875342908282)"
attac,"('ğŸ—¡', 9.384875342908282)"
importantly,"('ğŸ˜‚', 9.384875342908282)"
cummyy,"('â“', 3.2)"
pulsating,"('ğŸ†', 7.521928094887363)"
throat,"('ğŸ‘”', 7.521928094887363)"
tip,"('ğŸ”', 7.521928094887363)"
lower,"('â¤', 7.521928094887363)"
intestines,"('ğŸ’¦', 7.521928094887363)"
missed,"('ğŸ˜¢', 4.2)"
allows,"('âœ…', 3.7849625007211563)"
mobile,"('ğŸ“±', 3.7849625007211563)"
copypasta,"('ğŸœ', 3.7849625007211563)"
stole,"('ğŸ˜¥', 6.927920454563199)"
loser,"('ğŸ˜«', 5.3292830169449665)"
online,"('âœ…', 7.106890595608519)"
dumpsters,"('ğŸ—‘', 7.106890595608519)"
always,"('ğŸ•“', 6.2)"
karma,"('âœ…', 0.2)"
iq,"('ğŸ’¯', 6.082643049361842)"
humor,"('ğŸ¤£', 6.082643049361842)"
extremely,"('ğŸ‘‰', 6.082643049361842)"
grasp,"('âœŠ', 6.082643049361842)"
physics,"('ğŸ‘', 6.082643049361842)"
typical,"('ğŸ˜‰', 6.082643049361842)"
nihilistic,"('â˜ ', 6.082643049361842)"
characterisation,"('ğŸ˜‘', 6.082643049361842)"
philosophy,"('ğŸ¤“', 6.082643049361842)"
volya,"('ğŸ’¯', 6.082643049361842)"
intellectual,"('ğŸ¤“', 6.082643049361842)"
capacity,"('ğŸ˜', 6.082643049361842)"
depths,"('ğŸ™€', 6.082643049361842)"
humour,"('ğŸ˜', 6.082643049361842)"
catchphrase,"('ğŸ…±', 6.082643049361842)"
du,"('ğŸ‘€', 6.082643049361842)"
which,"('ğŸ‘„', 6.082643049361842)"
itself,"('ğŸ™€', 6.082643049361842)"
epic,"('ğŸ’‹', 6.082643049361842)"
fathers,"('ğŸ™', 6.082643049361842)"
sons,"('ğŸ˜', 6.082643049361842)"
imagining,"('ğŸ˜¯', 6.082643049361842)"
addlepated,"('â“', 6.082643049361842)"
simpletons,"('ğŸ˜’', 6.082643049361842)"
dan,"('â˜º', 6.082643049361842)"
genius,"('ğŸ™Œ', 6.082643049361842)"
television,"('ğŸ˜¤', 6.082643049361842)"
pity,"('ğŸ˜½', 6.082643049361842)"
demonstrate,"('ğŸ’¯', 6.082643049361842)"
points,"('ğŸ˜Œ', 6.082643049361842)"
rick,"('ğŸ‘´', 3.0073549220576044)"
agreeing,"('ğŸ˜€', 3.0073549220576044)"
smarter,"('ğŸ‘©\u200dğŸ“', 3.0073549220576044)"
young,"('ğŸ‘¶', 3.0073549220576044)"
theist,"('â›ª', 3.0073549220576044)"
show,"('ğŸ“º', 3.0073549220576044)"
blown,"('ğŸŒ¬', 3.0073549220576044)"
tv,"('ğŸ“º', 3.0073549220576044)"
minecraft,"('ğŸ®', 3.0073549220576044)"
once,"('â˜', 3.0073549220576044)"
mulan,"('ğŸ‡¨ğŸ‡³', 3.0073549220576044)"
shouted,"('ğŸ˜²', 3.0073549220576044)"
pickle,"('ğŸ¥’', 3.0073549220576044)"
outside,"('ğŸ˜ ', 3.0073549220576044)"
smart,"('ğŸ‘', 3.0073549220576044)"
lu,"('ğŸ…±', 4.447927513443585)"
corny,"('ğŸ’¦', 0.2)"
characters,"('ğŸ˜‚', 5.154196310386875)"
hoe,"('ğŸ„', 3.3699250014423123)"
ol,"('ğŸ†', 3.3699250014423123)"
dicked,"('ğŸˆ', 3.3699250014423123)"
fuc,"('ğŸ˜ˆ', 6.891853096329674)"
bubbl,"('ğŸ', 3.3699250014423123)"
neato,"('ğŸ‘¦', 3.3699250014423123)"
css,"('ğŸ‘¨', 3.3699250014423123)"
nia,"('ğŸ˜—', 3.3699250014423123)"
kankals,"('ğŸ’¥', 3.3699250014423123)"
fuk,"('ğŸŒ‹', 3.3699250014423123)"
bobbly,"('â˜', 3.3699250014423123)"
ont,"('ğŸ’¦', 3.3699250014423123)"
called,"('ğŸ‘¼', 3.3699250014423123)"
deleting,"('ğŸ˜‚', 3.3699250014423123)"
mr,"('ğŸ’¯', 6.891853096329674)"
gotble,"('ğŸ’°', 3.3699250014423123)"
succy,"('ğŸ‘»', 3.3699250014423123)"
adolf,"('ğŸ™†ğŸ¼', 3.3699250014423123)"
dorge,"('ğŸ¦ƒ', 3.3699250014423123)"
stuffer,"('ğŸ‘', 3.3699250014423123)"
spare,"('ğŸ‘Š', 3.3699250014423123)"
change,"('ğŸ‘Œ', 3.3699250014423123)"
unta,"('ğŸƒ', 3.3699250014423123)"
worn,"('â­', 3.3699250014423123)"
speare,"('ğŸŒ‹', 3.3699250014423123)"
aliests,"('ğŸ´', 3.3699250014423123)"
hhere,"('ğŸ†', 3.3699250014423123)"
watk,"('ğŸ…', 3.3699250014423123)"
Æ½aÒ¯,"('ğŸ˜', 3.3699250014423123)"
canadian,"('ğŸ‘†ğŸ¼', 3.3699250014423123)"
calma,"('ğŸ‘Œ', 3.3699250014423123)"
everyday,"('ğŸŒ', 3.3699250014423123)"
ain,"('ğŸ‘©ğŸ½', 3.3699250014423123)"
neven,"('â„', 3.3699250014423123)"
nivattiest,"('ğŸ’¦', 3.3699250014423123)"
slutty,"('ğŸ‘¨ğŸ»', 3.3699250014423123)"
giving,"('ğŸ‘Œ', 3.3699250014423123)"
space,"('ğŸ‘¨', 3.3699250014423123)"
aurriny,"('âŒ', 3.3699250014423123)"
frick,"('ğŸš«', 3.3699250014423123)"
skinner,"('ğŸ‘Œ', 3.3699250014423123)"
squishy,"('âœˆ', 3.3699250014423123)"
kitten,"('âœ”', 3.3699250014423123)"
exist,"('ğŸ‘’', 3.3699250014423123)"
euphoric,"('ğŸ‘Œ', 5.5699250014423125)"
logic,"('ğŸ‘ŒğŸ¿', 3.3699250014423123)"
everything,"('ğŸ‘Œ', 3.3699250014423123)"
close,"('ğŸ‘€', 3.3699250014423123)"
goot,"('ğŸ’¯', 3.3699250014423123)"
top,"('âŒ', 3.3699250014423123)"
course,"('ğŸ˜½', 3.3699250014423123)"
random,"('ğŸ˜›', 3.3699250014423123)"
freinds,"('ğŸ‘Œ', 3.3699250014423123)"
navent,"('ğŸ™ˆ', 3.3699250014423123)"
emonis,"('ğŸ©', 3.3699250014423123)"
yoet,"('ğŸ†', 3.3699250014423123)"
swery,"('ğŸ˜˜', 3.3699250014423123)"
friday,"('ğŸ’¯', 3.3699250014423123)"
hey,"('ğŸ’¥', 3.3699250014423123)"
winter,"('ğŸ’§', 3.3699250014423123)"
happy,"('ğŸ˜²', 3.3699250014423123)"
atcher,"('ğŸ™…', 3.3699250014423123)"
guv,"('ğŸ†', 3.3699250014423123)"
beriad,"('â›„', 3.3699250014423123)"
season,"('ğŸ˜‚', 3.3699250014423123)"
resend,"('ğŸ‡·ğŸ‡º', 3.3699250014423123)"
downnn,"('ğŸ¦', 3.3699250014423123)"
elf,"('ğŸ‘¤', 3.3699250014423123)"
lookin,"('ğŸ˜‘', 3.3699250014423123)"
aint,"('ğŸ‘€', 3.3699250014423123)"
gettin,"('ğŸ‘…', 3.3699250014423123)"
thanksgiving,"('ğŸ‘€', 3.3699250014423123)"
chimney,"('ğŸ‘Œ', 3.3699250014423123)"
cheap,"('ğŸ’¯', 3.3699250014423123)"
bcuz,"('ğŸ‘€', 3.3699250014423123)"
soooo,"('ğŸ‘Œ', 6.891853096329674)"
meet,"('âŒ', 3.3699250014423123)"
thorice,"('ğŸ’•', 3.3699250014423123)"
sarter,"('ğŸš«', 3.3699250014423123)"
lowgy,"('ğŸ’¦', 3.3699250014423123)"
con,"('â­', 3.3699250014423123)"
alrelless,"('ğŸ…', 3.3699250014423123)"
cait,"('ğŸ†', 3.3699250014423123)"
thang,"('ğŸ­', 3.3699250014423123)"
gettbretto,"('ğŸ¬', 3.3699250014423123)"
niggant,"('ğŸ¦', 3.3699250014423123)"
precoulsisn,"('ğŸ±', 3.3699250014423123)"
rice,"('âœ”', 3.3699250014423123)"
urdi,"('ğŸ‘Œ', 3.3699250014423123)"
mlmage,"('âœ”', 3.3699250014423123)"
Ã¸sterttitt,"('ğŸ“Ÿ', 3.3699250014423123)"
roght,"('ğŸ‚', 3.3699250014423123)"
hea,"('ğŸ”¥', 3.3699250014423123)"
birthday,"('ğŸˆ', 3.3699250014423123)"
whopk,"('ğŸ£', 3.3699250014423123)"
fuckar,"('ğŸ„', 3.3699250014423123)"
reindeer,"('ğŸ†', 3.3699250014423123)"
christmas,"('ğŸ™…', 3.3699250014423123)"
ã°°leah,"('ğŸ€', 3.3699250014423123)"
beave,"('ğŸ’€', 3.3699250014423123)"
cocks,"('ğŸ˜‚', 3.3699250014423123)"
cheera,"('ğŸ‘', 3.3699250014423123)"
downapwand,"('ğŸ‘‰', 3.3699250014423123)"
hare,"('ğŸ”¥', 3.3699250014423123)"
mem,"('ğŸ‘‰', 3.3699250014423123)"
yeahahahahahame,"('ğŸ’¦', 3.3699250014423123)"
deading,"('ğŸš«', 3.3699250014423123)"
bace,"('ğŸ™', 3.3699250014423123)"
haw,"('ğŸ‘…', 3.3699250014423123)"
kidd,"('ğŸ’¯', 3.3699250014423123)"
fimse,"('ğŸ™', 3.3699250014423123)"
gobble,"('ğŸ‘€', 3.3699250014423123)"
fondies,"('ğŸ”', 3.3699250014423123)"
leave,"('ğŸ‘»', 3.3699250014423123)"
yea,"('ğŸ‘¹', 3.3699250014423123)"
moron,"('ğŸƒ', 3.3699250014423123)"
sign,"('ğŸ‘Œ', 3.3699250014423123)"
shitposting,"('ğŸ’£', 3.3699250014423123)"
bomb,"('ğŸ‘Œ', 3.3699250014423123)"
clock,"('ğŸ’¯', 3.3699250014423123)"
bonfiress,"('ğŸ‘Œ', 3.3699250014423123)"
scare,"('ğŸ‘‘', 3.3699250014423123)"
repropleer,"('ğŸ’•', 3.3699250014423123)"
goal,"('ğŸ„', 3.3699250014423123)"
gobd,"('ğŸ™', 3.3699250014423123)"
mmê®‡Ğ¼,"('ğŸ’¯', 3.3699250014423123)"
cena,"('ğŸ‘­', 3.3699250014423123)"
smoress,"('ğŸ‘§', 3.3699250014423123)"
happened,"('ğŸ‘', 3.3699250014423123)"
favoride,"('ğŸ‘¦ğŸ¿', 3.3699250014423123)"
chloe,"('ğŸ‰', 3.3699250014423123)"
jow,"('ğŸŸ', 3.3699250014423123)"
cravie,"('ğŸ€', 3.3699250014423123)"
goes,"('ğŸ”', 6.5699250014423125)"
dumping,"('ğŸ™…', 3.3699250014423123)"
illegil,"('ğŸ™', 3.3699250014423123)"
chemicals,"('ğŸ•', 3.3699250014423123)"
beautiful,"('ğŸ´', 3.3699250014423123)"
targetting,"('1ï¸âƒ£', 3.3699250014423123)"
pown,"('0ï¸âƒ£', 3.3699250014423123)"
bread,"('ğŸ…ğŸ½', 3.3699250014423123)"
skelf,"('ğŸ†', 3.3699250014423123)"
uronts,"('ğŸ˜©', 3.3699250014423123)"
tage,"('1ï¸âƒ£', 3.3699250014423123)"
saya,"('ğŸ‘', 3.3699250014423123)"
mole,"('ğŸ’‹', 3.3699250014423123)"
couldud,"('ğŸ‘Œ', 3.3699250014423123)"
orla,"('ğŸ˜†', 3.3699250014423123)"
buraro,"('ğŸ“', 3.3699250014423123)"
gobbling,"('â˜ ', 3.3699250014423123)"
readas,"('â˜', 3.3699250014423123)"
respoo,"('â—', 3.3699250014423123)"
maid,"('ğŸƒ', 3.3699250014423123)"
robots,"('ğŸº', 3.3699250014423123)"
becames,"('ğŸ†', 3.3699250014423123)"
bonerout,"('ğŸŒŒ', 3.3699250014423123)"
coplur,"('ğŸ‘Œ', 3.3699250014423123)"
auge,"('ğŸ’¯', 3.3699250014423123)"
swell,"('ğŸ’£', 3.3699250014423123)"
broeng,"('ğŸ™', 3.3699250014423123)"
wind,"('ğŸŸ', 3.3699250014423123)"
orim,"('ğŸ‘³', 3.3699250014423123)"
gore,"('ğŸ’¯', 3.3699250014423123)"
remain,"('ğŸ’¦', 3.3699250014423123)"
trilly,"('ğŸ‘£', 3.2)"
rock,"('ğŸ”¥', 3.2)"
seal,"('ğŸ’¯', 3.2)"
clike,"('ğŸ‘»', 3.2)"
aske,"('ğŸ‘‰ğŸ¼', 3.2)"
cankinc,"('ğŸ™ğŸ»', 3.2)"
oravin,"('ğŸ’¦', 3.2)"
le,"('ğŸ’°', 3.2)"
vote,"('ğŸ†', 3.2)"
tiffing,"('ğŸ”«', 3.2)"
kound,"('ğŸ†', 3.2)"
thankinging,"('ğŸ’¦', 3.2)"
euns,"('ğŸ¶', 3.2)"
helren,"('ğŸ‘', 3.2)"
soce,"('ğŸ˜ˆ', 3.2)"
bros,"('ğŸ‘ŒğŸ¿', 3.2)"
yam,"('ğŸ˜®', 3.2)"
dew,"('ğŸ˜‚', 3.2)"
estick,"('ğŸ’¦', 3.2)"
notsed,"('ğŸ¦ƒ', 3.2)"
appy,"('ğŸ”¥', 3.2)"
legendary,"('ğŸ’¦', 3.2)"
sushi,"('ğŸ˜', 3.2)"
upmoshi,"('ğŸ‘„', 3.2)"
upriusla,"('ğŸ’¯', 3.2)"
el,"('ğŸ˜­', 3.2)"
cerrar,"('ğŸ˜’', 3.2)"
sacude,"('ğŸ˜‚', 3.2)"
te,"('ğŸ˜’', 3.2)"
idiota,"('ğŸ˜Š', 3.2)"
nunca,"('â˜‚', 3.2)"
anywere,"('ğŸ’¯', 3.2)"
alfies,"('ğŸ“•', 3.2)"
awesome,"('ğŸ†', 3.2)"
year,"('ğŸ™…', 3.2)"
whitten,"('ğŸ’¯', 3.2)"
prom,"('â›ª', 3.2)"
bed,"('ğŸ™…ğŸ»', 3.2)"
eaving,"('ğŸ‘ŒğŸ»', 3.2)"
ret,"('ğŸ™ˆ', 3.2)"
seep,"('1ï¸âƒ£', 3.2)"
flat,"('âŒ', 3.2)"
shitpostiped,"('7ï¸âƒ£', 3.2)"
rake,"('ğŸ¸', 3.2)"
ehina,"('âœ”', 3.2)"
october,"('ğŸƒ', 3.2)"
witch,"('âœ”', 3.2)"
holding,"('ğŸ”«', 3.2)"
witte,"('ğŸ˜œ', 3.2)"
marshall,"('ğŸ˜', 3.2)"
btw,"('ğŸ˜›', 3.2)"
shitlips,"('ğŸ’©', 3.2)"
bubble,"('ğŸ’§', 3.2)"
gum,"('ğŸ¡', 3.2)"
dish,"('ğŸ‘©ğŸ¼', 3.2)"
dia,"('ğŸ˜', 3.2)"
already,"('ğŸ˜¡', 3.2)"
useriend,"('ğŸ˜ˆ', 3.2)"
drag,"('ğŸ‘¤', 3.2)"
deay,"('ğŸ‘…', 3.2)"
fukk,"('ğŸ‘¤', 3.2)"
mont,"('ğŸ‚', 3.2)"
niggagt,"('ğŸ™ˆ', 3.2)"
dos,"('ğŸ˜Ÿ', 3.2)"
mars,"('ğŸŒ³', 3.2)"
peal,"('ğŸ™‰', 3.2)"
dicc,"('ğŸ’¦', 3.2)"
pirgin,"('ğŸ‘€', 3.2)"
maipiot,"('ğŸ‘', 3.2)"
docemmees,"('ğŸ‘Œ', 3.2)"
balled,"('ğŸ‘€', 3.2)"
getticks,"('âœ”', 3.2)"
along,"('ğŸŒ©', 3.2)"
cats,"('ğŸ”«', 3.2)"
watch,"('ğŸ”¥', 3.2)"
nii,"('ğŸ’', 3.2)"
femelia,"('ğŸ’¯', 3.2)"
prypys,"('ğŸ•', 3.2)"
chemerong,"('ğŸ‘Œ', 3.2)"
hack,"('ğŸ´', 3.2)"
haddin,"('ğŸ¸', 3.2)"
memes,"('ğŸ¯', 3.2)"
gun,"('ğŸƒ', 3.2)"
kiday,"('ğŸ™', 3.2)"
loving,"('ğŸ…ğŸ¿', 3.2)"
open,"('ğŸ’', 3.2)"
ittue,"('ğŸ”¥', 3.2)"
reblogion,"('ğŸ’¥', 3.2)"
sowner,"('ğŸ’¯', 3.2)"
hoasfect,"('ğŸ’¥', 3.2)"
america,"('âœ‹', 3.2)"
pist,"('ğŸ”¥', 3.2)"
boo,"('ğŸ’¦', 3.2)"
chhhhhhh,"('ğŸ’‰', 3.2)"
othe,"('ğŸ’°', 3.2)"
mam,"('ğŸ‘‘', 3.2)"
ast,"('ğŸ’ª', 3.2)"
spookaween,"('â˜', 3.2)"
backh,"('ğŸ‘¨ğŸ½', 3.2)"
gray,"('ğŸ‘©ğŸ½', 3.2)"
boyth,"('ğŸ’­', 3.2)"
didny,"('ğŸ˜·', 3.2)"
mama,"('ğŸ˜‚', 3.2)"
pommies,"('ğŸ’¦', 3.2)"
exends,"('ğŸ˜–', 3.2)"
ey,"('ğŸŒ²', 3.2)"
feetrating,"('ğŸ‘ ', 3.2)"
spooka,"('ğŸ‘€', 3.2)"
comerins,"('ğŸ’©', 3.2)"
blazers,"('ğŸ†', 3.2)"
sta,"('ğŸ—', 3.2)"
ruck,"('ğŸ€', 3.2)"
eaters,"('â˜', 3.2)"
harrp,"('ğŸ‘Œ', 3.2)"
chemtrails,"('âœ”', 3.2)"
beauk,"('ğŸŒ‘', 3.2)"
cammeeaon,"('ğŸ', 3.2)"
mele,"('ğŸ‘ŒğŸ¿', 3.2)"
murtangey,"('ğŸ‘', 3.2)"
stale,"('ğŸ‘€', 3.2)"
ifien,"('ğŸ‘', 3.2)"
nowen,"('ğŸ‘', 3.2)"
nat,"('âŒ', 3.2)"
choice,"('ğŸš¨', 3.2)"
clik,"('ğŸ’€', 3.2)"
clack,"('ğŸ‘‘', 3.2)"
ad,"('ğŸ‘‡', 3.2)"
feckin,"('ğŸ©', 3.2)"
xld,"('ğŸ¶', 3.2)"
wit,"('ğŸ˜', 3.2)"
trifflin,"('ğŸ‘', 3.2)"
stelt,"('ğŸ’¯', 3.2)"
sheyo,"('ğŸ˜¡', 3.2)"
ghost,"('ğŸ¶', 3.2)"
groshi,"('ğŸ’¿', 3.2)"
wild,"('ğŸº', 3.2)"
swo,"('ğŸ”¥', 3.2)"
som,"('ğŸ’¥', 3.2)"
midd,"('ğŸ±', 3.2)"
tr,"('ğŸ‘Œ', 3.2)"
fue,"('âœ”', 3.2)"
cumping,"('ğŸ‘¼', 3.2)"
amadah,"('ğŸ’¸', 3.2)"
analy,"('âœ”', 3.2)"
built,"('ğŸ†', 3.2)"
whope,"('ğŸ˜™', 3.2)"
trill,"('ğŸ˜š', 3.2)"
swih,"('ğŸ‘Š', 3.2)"
ople,"('ğŸ˜¢', 3.2)"
spocks,"('ğŸ˜', 3.2)"
lile,"('ğŸ‘€', 3.2)"
ky,"('ğŸ™…', 3.2)"
dicki,"('ğŸ’•', 3.2)"
mids,"('ğŸš¹', 3.2)"
imma,"('ğŸ¬', 3.2)"
smokin,"('ğŸ‹', 3.2)"
penises,"('ğŸ‘¶', 3.2)"
ma,"('ğŸ‘ŒğŸ¿', 3.2)"
hubby,"('âœ”', 3.2)"
kno,"('ğŸ', 3.2)"
caint,"('ğŸ‘Œ', 3.2)"
evenn,"('ğŸ', 3.2)"
ho,"('â›µ', 3.2)"
chosess,"('ğŸ’–', 3.2)"
pusting,"('ğŸ†', 3.2)"
maja,"('ğŸ’¦', 3.2)"
laylie,"('ğŸ‘‹', 3.2)"
er,"('ğŸ™', 3.2)"
ship,"('ğŸ‘Œ', 3.2)"
lock,"('ğŸ„', 3.2)"
lace,"('ğŸ†', 3.2)"
crugh,"('ğŸŒ¿', 3.2)"
coe,"('â­', 3.2)"
scary,"('ğŸˆ', 3.2)"
selftext,"('ğŸ‘€', 3.2)"
ral,"('ğŸˆ', 3.2)"
abigaily,"('ğŸ¾', 3.2)"
reget,"('ğŸŒŒ', 3.2)"
thist,"('ğŸ“•', 3.2)"
ip,"('ğŸ“™', 3.2)"
christsatop,"('ğŸ’¦', 3.2)"
shito,"('ğŸ˜©', 3.2)"
feasted,"('ğŸ‘', 3.2)"
pyromancement,"('ğŸ‘€', 3.2)"
commentsest,"('ğŸ’€', 3.2)"
asprayinds,"('ğŸ‚', 3.2)"
sit,"('ğŸ‘ğŸ¿', 3.2)"
cta,"('ğŸ’¯', 3.2)"
cuce,"('ğŸ’¦', 3.2)"
periods,"('1ï¸âƒ£', 3.2)"
batter,"('ğŸ’¦', 3.2)"
gobbbu,"('ğŸƒ', 3.2)"
burs,"('ğŸ®', 3.2)"
dop,"('ğŸŒ', 3.2)"
entire,"('ğŸ´', 3.2)"
liditren,"('ğŸ•', 3.2)"
hamburging,"('ğŸ˜³', 3.5219280948873624)"
theme,"('ğŸ’¦', 3.5219280948873624)"
succ,"('ğŸ‘Œ', 3.5219280948873624)"
ayman,"('ğŸŒ½', 3.5219280948873624)"
ella,"('â›¹', 3.5219280948873624)"
jilgrim,"('ğŸ„', 3.5219280948873624)"
dgorwaff,"('ğŸ˜‚', 3.5219280948873624)"
goy,"('ğŸ‘‰', 3.5219280948873624)"
spooky,"('ğŸ’€', 3.5219280948873624)"
sparage,"('ğŸ', 3.5219280948873624)"
thankes,"('ğŸŠ', 3.5219280948873624)"
lelah,"('ğŸ˜', 3.5219280948873624)"
holideen,"('ğŸŒŸ', 3.5219280948873624)"
md,"('ğŸ‘‰', 3.5219280948873624)"
thigh,"('ğŸ¥', 3.5219280948873624)"
brude,"('ğŸ‘Œ', 3.5219280948873624)"
shawe,"('ğŸ’¯', 3.5219280948873624)"
toard,"('ğŸ†', 3.5219280948873624)"
ronk,"('ğŸš¿', 3.5219280948873624)"
reaph,"('âŒ', 3.5219280948873624)"
kid,"('ğŸ˜¹', 3.5219280948873624)"
ooovoa,"('ğŸ£', 3.5219280948873624)"
seconds,"('ğŸ˜', 3.5219280948873624)"
heartburn,"('ğŸ™‡', 3.5219280948873624)"
been,"('â˜ ', 3.5219280948873624)"
hurngry,"('ğŸ‘¹', 3.5219280948873624)"
sone,"('ğŸ‘¨', 3.5219280948873624)"
utica,"('ğŸ‘Œ', 3.5219280948873624)"
albany,"('âœ¨', 3.5219280948873624)"
steam,"('ğŸŒ»', 3.5219280948873624)"
bnow,"('ğŸ‘´', 3.5219280948873624)"
bushie,"('ğŸ’Ÿ', 3.5219280948873624)"
dirtale,"('ğŸ˜©', 3.5219280948873624)"
calves,"('ğŸ™…', 3.5219280948873624)"
confies,"('ğŸº', 3.5219280948873624)"
neck,"('ğŸ’ª', 3.5219280948873624)"
corlct,"('ğŸ‘”', 3.5219280948873624)"
masheday,"('ğŸš¬', 3.5219280948873624)"
babbl,"('ğŸ‘‰', 3.5219280948873624)"
und,"('ğŸ‚', 3.5219280948873624)"
hant,"('ğŸ’¯', 3.5219280948873624)"
feal,"('ğŸ‘…', 3.5219280948873624)"
mewi,"('ğŸ™…', 3.5219280948873624)"
pencers,"('ğŸ‘´', 3.5219280948873624)"
wisly,"('â›µ', 3.5219280948873624)"
doot,"('ğŸ‘Œ', 3.5219280948873624)"
shappy,"('ğŸ˜', 3.5219280948873624)"
aspon,"('ğŸ˜«', 3.5219280948873624)"
hen,"('ğŸ’£', 3.5219280948873624)"
copy,"('ğŸ”¥', 3.5219280948873624)"
prisled,"('ğŸ‘', 3.5219280948873624)"
anm,"('ğŸ…ğŸ½', 3.5219280948873624)"
rebeite,"('ğŸ½', 3.5219280948873624)"
ple,"('ğŸ’¯', 3.5219280948873624)"
engange,"('ğŸ‡ºğŸ‡¸', 3.5219280948873624)"
chalmers,"('â—', 3.5219280948873624)"
fung,"('ğŸ”«', 3.5219280948873624)"
oldss,"('ğŸ”¯', 3.5219280948873624)"
eyficas,"('ğŸ’¯', 3.5219280948873624)"
socanic,"('ğŸ‘€', 3.5219280948873624)"
oulless,"('ğŸ‘Œ', 3.5219280948873624)"
withor,"('ğŸ‘€', 3.5219280948873624)"
mature,"('ğŸ˜', 3.5219280948873624)"
age,"('ğŸ’ª', 3.5219280948873624)"
chtratsical,"('ğŸ’ƒ', 3.5219280948873624)"
cenas,"('ğŸ‘Š', 3.5219280948873624)"
ddts,"('ğŸ™‡', 3.5219280948873624)"
cenat,"('ğŸ’©', 3.5219280948873624)"
mouthwatering,"('ğŸ˜ˆ', 3.5219280948873624)"
blaught,"('ğŸ‘Œ', 3.5219280948873624)"
ammmies,"('ğŸ‘€', 3.5219280948873624)"
heriday,"('ğŸ˜§', 3.5219280948873624)"
tem,"('ğŸ', 3.5219280948873624)"
mrsper,"('ğŸ‘¿', 3.5219280948873624)"
nt,"('ğŸ˜´', 3.5219280948873624)"
hepes,"('âœ', 3.5219280948873624)"
ay,"('ğŸ’€', 3.5219280948873624)"
ar,"('ğŸº', 3.5219280948873624)"
snooces,"('ğŸ’€', 3.5219280948873624)"
tuff,"('ğŸƒ', 3.5219280948873624)"
enci,"('ğŸ’§', 3.5219280948873624)"
es,"('ğŸ’¸', 3.5219280948873624)"
chear,"('ğŸ”¥', 3.5219280948873624)"
nig,"('ğŸ”', 3.5219280948873624)"
herer,"('ğŸ´', 3.5219280948873624)"
skeltal,"('ğŸ¬', 3.5219280948873624)"
calcium,"('ğŸ˜‚', 3.5219280948873624)"
sope,"('ğŸ’€', 3.5219280948873624)"
whebe,"('ğŸ”ª', 3.5219280948873624)"
camm,"('6âƒ£', 3.5219280948873624)"
treinse,"('ğŸ‘€', 3.5219280948873624)"
cuter,"('ğŸ»', 3.5219280948873624)"
gorena,"('ğŸ”›', 3.5219280948873624)"
betteetime,"('ğŸŠ', 3.5219280948873624)"
seperate,"('ğŸ‘Œ', 3.5219280948873624)"
butter,"('ğŸ’¯', 3.5219280948873624)"
pyssage,"('ğŸ‘Œ', 3.5219280948873624)"
clause,"('ğŸ’¯', 3.5219280948873624)"
holrin,"('ğŸ¥', 3.5219280948873624)"
mout,"('ğŸ‘Œ', 3.5219280948873624)"
mothard,"('ğŸ‘', 3.5219280948873624)"
sigga,"('ğŸ”­', 3.5219280948873624)"
carl,"('ğŸ‘œ', 3.5219280948873624)"
sagan,"('ğŸ‘Œ', 3.5219280948873624)"
runaway,"('ğŸƒğŸ¾\u200dâ™€ï¸', 7.245490050944376)"
tried,"('ğŸ˜©', 7.245490050944376)"
stopped,"('ğŸ›‘', 7.245490050944376)"
months,"('ğŸ“…', 7.245490050944376)"
ryan,"('ğŸ‘¨ğŸ¾', 7.245490050944376)"
uncomfortable,"('ğŸ˜£', 11.96905200700139)"
uncle,"('ğŸ¤£', 5.154196310386875)"
vegetable,"('ğŸ¥’', 6.466786540694901)"
accident,"('ğŸš“', 6.466786540694901)"
himself,"('ğŸš¨', 6.466786540694901)"
position,"('ğŸ˜«', 6.466786540694901)"
half,"('ğŸ˜‚', 6.466786540694901)"
pray,"('ğŸ™', 6.466786540694901)"
prayer,"('ğŸš¨', 6.466786540694901)"
callin,"('ğŸ‘…', 6.466786540694901)"
thotssss,"('ğŸ“¢', 6.466786540694901)"
nut,"('â™¿', 6.466786540694901)"
updoot,"('ğŸ’¯', 6.466786540694901)"
boiiiiiiiiiiiiiiiiiii,"('ğŸ”«', 6.466786540694901)"
tide,"('ğŸŒ€', 23.64924135851404)"
pods,"('ğŸ¥', 17.29949423900936)"
tummy,"('ğŸ’¯', 7.949747119504683)"
rumbly,"('\U0001f92a', 7.749747119504683)"
sing,"('ğŸ¶', 3.0073549220576044)"
jumping,"('ğŸ‡', 3.0073549220576044)"
rope,"('â°', 3.0073549220576044)"
reading,"('ğŸ“–', 7.992457037268081)"
cing,"('ğŸ…°', 4.784962500721156)"
ll,"('ğŸ…¿', 4.784962500721156)"
letter,"('ğŸ’²', 4.784962500721156)"
marks,"('ğŸ“', 7.419168520462161)"
columdaddy,"('ğŸ’•', 7.419168520462161)"
yeeted,"('ğŸ™', 7.419168520462161)"
indigenous,"('ğŸ˜±', 7.419168520462161)"
peoples,"('ğŸ™', 7.419168520462161)"
christofuck,"('ğŸ‘', 7.419168520462161)"
columbooty,"('â¬†', 7.419168520462161)"
sailed,"('ğŸ˜©', 7.419168520462161)"
blue,"('ğŸ’…', 7.419168520462161)"
maria,"('ğŸ‡ªğŸ‡¸', 7.419168520462161)"
pride,"('ğŸ”Ÿ', 7.419168520462161)"
sharing,"('ğŸ˜', 7.419168520462161)"
message,"('ğŸ’¡', 7.419168520462161)"
adventurous,"('0ï¸âƒ£', 7.419168520462161)"
isabella,"('ğŸ˜', 7.419168520462161)"
charter,"('ğŸ¤¤', 7.419168520462161)"
passage,"('ğŸŒ…', 7.419168520462161)"
dock,"('ğŸ‡ªğŸ‡¸', 7.419168520462161)"
further,"('â†—', 6.0328900141647415)"
tonite,"('ğŸ˜', 4.723561956057013)"
morning,"('ğŸŒ…', 6.754588851677638)"
surfing,"('ğŸ„\u200dâ™‚ï¸', 6.754588851677638)"
africa,"('ğŸœ', 6.754588851677638)"
decided,"('ğŸ™‹\u200dâ™‚ï¸', 6.754588851677638)"
foulest,"('ğŸ¤¢', 6.754588851677638)"
stench,"('\U0001f92e', 6.754588851677638)"
car,"('ğŸš‹', 6.754588851677638)"
olds,"('ğŸš¼', 6.754588851677638)"
mattress,"('ğŸ‘‹ğŸ½', 6.754588851677638)"
greeted,"('\U0001f9b0', 6.754588851677638)"
mexican,"('ğŸŒ', 6.754588851677638)"
named,"('ğŸŒ', 6.754588851677638)"
peeman,"('ğŸš¼', 6.754588851677638)"
center,"('ğŸ”™', 6.754588851677638)"
grandfather,"('\U0001f9b0', 6.754588851677638)"
struck,"('âš¡', 6.754588851677638)"
proclaimed,"('\U0001f9b0', 6.754588851677638)"
juice,"('\U0001f964', 5.007354922057604)"
cakeday,"('ğŸ‚', 6.503780748177103)"
champ,"('ğŸ–', 6.503780748177103)"
desperate,"('ğŸ˜§', 6.369925001442312)"
obnoxious,"('ğŸ˜’', 6.369925001442312)"
costly,"('ğŸ’¸', 6.369925001442312)"
downright,"('ğŸ‘', 6.369925001442312)"
pointless,"('ğŸ˜©', 6.369925001442312)"
universe,"('ğŸ‡', 6.369925001442312)"
species,"('ğŸ’', 6.369925001442312)"
mate,"('ğŸ’‘', 6.369925001442312)"
intercourse,"('ğŸ‘‰', 6.369925001442312)"
condom,"('âœ‹', 6.369925001442312)"
failed,"('ğŸš«', 6.369925001442312)"
virgin,"('ğŸ˜‚', 7.575039431346925)"
fag,"('ğŸ’¯', 7.575039431346925)"
assume,"('ğŸ‘', 6.447927513443585)"
cummybots,"('ğŸ‘¦', 6.447927513443585)"
fingers,"('ğŸ–•ğŸ½', 7.2)"
pinky,"('â˜ğŸ½', 7.2)"
likes,"('ğŸ’—', 7.2)"
west,"('ğŸ‘©ğŸ¾\u200dğŸš€', 7.2)"
ayyyyy,"('ğŸ•³', 7.2)"
ayyyy,"('ğŸ’¦', 7.2)"
ayyy,"('ğŸ‘ğŸ½', 7.2)"
yuh,"('ğŸ˜', 5.8147098441152085)"
slick,"('ğŸ™„', 5.8147098441152085)"
prick,"('ğŸ˜³', 5.8147098441152085)"
fit,"('ğŸ’ª', 5.626264754702098)"
brit,"('ğŸ‡¬ğŸ‡§', 5.626264754702098)"
clit,"('ğŸ˜£', 5.626264754702098)"
brat,"('ğŸ˜³', 4.2)"
traps,"('ğŸ†', 4.2)"
million,"('ğŸ¤‘', 6.5398500028846245)"
subscribers,"('ğŸ’¦', 6.5398500028846245)"
growing,"('ğŸ‘ŒğŸ¼', 6.5398500028846245)"
number,"('ğŸ“‰', 6.5398500028846245)"
short,"('ğŸ˜‰', 6.5398500028846245)"
amazed,"('ğŸ˜µ', 6.5398500028846245)"
pyro,"('ğŸ”¥', 4.007354922057604)"
hates,"('\U0001f92c', 7.207354922057604)"
mmmm,"('ğŸ˜©', 7.731381460516312)"
doing,"('â˜ ', 1.784962500721156)"
kicked,"('ğŸš«', 6.8438561897747245)"
club,"('ğŸ‘Œ', 6.8438561897747245)"
chicago,"('ğŸŒ', 6.8438561897747245)"
battles,"('ğŸ”«', 6.8438561897747245)"
hentai,"('ğŸ‘', 6.8438561897747245)"
porn,"('ğŸ†', 6.8438561897747245)"
clubs,"('ğŸ', 6.8438561897747245)"
grew,"('ğŸ†', 6.8438561897747245)"
block,"('ğŸš', 6.8438561897747245)"
mainstream,"('ğŸ“º', 6.8438561897747245)"
bout,"('ğŸ£', 6.8438561897747245)"
streets,"('ğŸ›£', 6.8438561897747245)"
anyways,"('ğŸ–•', 6.8438561897747245)"
ghoul,"('ğŸ‘»', 6.8438561897747245)"
weebs,"('ğŸ‡¯ğŸ‡µ', 3.9004397181410924)"
nerds,"('ğŸ˜‚', 7.211227255423254)"
japan,"('ğŸ‡¯ğŸ‡µ', 7.359871336778389)"
surgeon,"('â¤', 7.359871336778389)"
boss,"('ğŸ™‡\u200dâ™‚ï¸', 7.359871336778389)"
operation,"('ğŸ”ª', 7.359871336778389)"
mistake,"('ğŸ˜±', 7.359871336778389)"
hide,"('ğŸ™ˆ', 7.359871336778389)"
english,"('ğŸ¤', 7.359871336778389)"
food,"('ğŸ˜©', 7.359871336778389)"
darryl,"('\U0001f9d1', 14.719742673556778)"
woman,"('ğŸ†•', 7.359871336778389)"
kill,"('â˜ ', 7.359871336778389)"
purpose,"('ğŸ˜ˆ', 7.359871336778389)"
twist,"('ğŸ”', 5.754588851677638)"
heroic,"('ğŸ—¿', 5.927920454563199)"
listen,"('ğŸ‘‚ğŸ»', 7.617852514885898)"
upvotes,"('ğŸ˜', 7.617852514885898)"
force,"('ğŸ˜¨', 7.617852514885898)"
ama,"('ğŸ¤¤', 7.617852514885898)"
bamboozle,"('ğŸ˜‡', 7.617852514885898)"
farming,"('\U0001f9d0', 3.0073549220576044)"
towered,"('ğŸ¢', 6.98135971352466)"
nine,"('9ï¸âƒ£', 6.98135971352466)"
feet,"('ğŸ‘£', 6.98135971352466)"
hermione,"('ğŸ‘©ğŸ½\u200dğŸ’¼', 13.96271942704932)"
students,"('ğŸ‘¨\u200dğŸ“', 6.98135971352466)"
wooden,"('ğŸ¡', 6.98135971352466)"
brarhead,"('ğŸ¶', 13.96271942704932)"
page,"('ğŸ˜‰', 6.98135971352466)"
yer,"('ğŸ“š', 6.98135971352466)"
paper,"('ğŸ“', 6.98135971352466)"
japanese,"('ğŸ‡¨ğŸ‡³', 6.98135971352466)"
braehead,"('ğŸ¶', 13.96271942704932)"
haggard,"('ğŸ‘´ğŸ¼', 6.98135971352466)"
pause,"('âœ‹', 6.98135971352466)"
two,"('2ï¸âƒ£', 6.98135971352466)"
slanty,"('ğŸ˜£', 6.98135971352466)"
horny,"('ğŸ‘¹', 6.98135971352466)"
ring,"('ğŸ“±', 6.98135971352466)"
congress,"('ğŸ’©', 6.98135971352466)"
impeach,"('ğŸ‘´ğŸ¼', 6.98135971352466)"
wandered,"('ğŸ‘­', 6.98135971352466)"
fence,"('ğŸ•', 6.98135971352466)"
suddenly,"('ğŸ¶', 6.98135971352466)"
raising,"('ğŸ¤š', 6.98135971352466)"
completely,"('ğŸ˜±', 6.98135971352466)"
exposing,"('ğŸŒ®', 6.98135971352466)"
chasing,"('ğŸ˜¡', 6.98135971352466)"
searched,"('âš¡', 6.98135971352466)"
snatched,"('âŒ', 6.98135971352466)"
happens,"('ğŸ˜', 6.98135971352466)"
filthy,"('ğŸ‡°ğŸ‡µ', 6.98135971352466)"
muddy,"('ğŸ¶', 6.98135971352466)"
thighs,"('ğŸ’¦', 6.98135971352466)"
teenage,"('ğŸ˜¨', 6.98135971352466)"
hound,"('ğŸ‘…', 13.96271942704932)"
slobbered,"('ğŸŒ®', 6.98135971352466)"
tongue,"('ğŸ˜¡', 6.98135971352466)"
unwanted,"('ğŸŒ¹', 6.98135971352466)"
clitoris,"('ğŸ”¥', 6.98135971352466)"
talented,"('ğŸ’—', 6.98135971352466)"
shook,"('ğŸ¸', 6.98135971352466)"
panties,"('ğŸ•', 6.98135971352466)"
snapped,"('ğŸŒ­', 6.98135971352466)"
thrust,"('ğŸƒğŸ¿', 6.98135971352466)"
plague,"('âš½', 6.98135971352466)"
breasts,"('ğŸ‘Š', 6.98135971352466)"
clenched,"('ğŸš§', 6.98135971352466)"
efforts,"('ğŸ‡®ğŸ‡³', 6.98135971352466)"
four,"('ğŸ¶', 6.98135971352466)"
felt,"('ğŸ˜†', 6.98135971352466)"
stretched,"('ğŸ’—', 6.98135971352466)"
impregnate,"('âœ‹ğŸ»', 6.98135971352466)"
continued,"('ğŸ‘', 6.98135971352466)"
five,"('ğŸ•', 6.98135971352466)"
released,"('ğŸ‡»ğŸ‡³', 6.98135971352466)"
consecutive,"('ğŸ•', 6.98135971352466)"
hounds,"('ğŸ‘', 6.98135971352466)"
flooded,"('ğŸ’¦', 6.98135971352466)"
doggy,"('ğŸ˜«', 6.98135971352466)"
limit,"('ğŸ’€', 6.98135971352466)"
accent,"('ğŸ—£', 4.369925001442312)"
fedora,"('ğŸ©', 6.428818690495881)"
transgender,"('â‰', 6.428818690495881)"
gtfo,"('ğŸ˜¡', 6.428818690495881)"
gentlesir,"('ğŸ˜¤', 6.428818690495881)"
genders,"('ğŸ‘©ğŸ»\u200dğŸ’»', 6.428818690495881)"
sjw,"('ğŸ–ğŸ»', 6.428818690495881)"
welcoming,"('ğŸ¤', 7.731381460516312)"
lifestyles,"('ğŸ³ï¸\u200dğŸŒˆ', 7.731381460516312)"
aggression,"('ğŸ¹', 7.731381460516312)"
drunk,"('ğŸ¹', 4.447927513443585)"
lick,"('ğŸ‘…', 4.447927513443585)"
experiment,"('ğŸ­', 4.447927513443585)"
quick,"('ğŸ†', 4.447927513443585)"
doors,"('ğŸ”‘', 5.154196310386875)"
sleeping,"('ğŸŒ›', 5.154196310386875)"
somewhere,"('ğŸ˜“', 5.154196310386875)"
wake,"('ğŸ†™', 10.30839262077375)"
bid,"('ğŸ’‰', 5.154196310386875)"
run,"('â°', 5.154196310386875)"
undone,"('ğŸˆš', 15.462588931160624)"
save,"('ğŸŒ‘', 10.30839262077375)"
among,"('ğŸ•¦', 5.154196310386875)"
thousand,"('ğŸ˜ƒ', 5.154196310386875)"
living,"('ğŸˆš', 5.154196310386875)"
attention,"('ğŸš¨', 8.992317422778761)"
bikini,"('ğŸ‘™', 8.992317422778761)"
bottom,"('ğŸ‘', 8.992317422778761)"
cheated,"('ğŸ˜±', 7.792317422778761)"
lied,"('ğŸ¤¥', 7.792317422778761)"
gentle,"('ğŸ¦‹', 7.792317422778761)"
laborer,"('ğŸ‘¨ğŸ»\u200dğŸ”§', 7.792317422778761)"
noxious,"('ğŸ¤¢', 7.792317422778761)"
greed,"('ğŸ’', 7.792317422778761)"
krabs,"('ğŸ¦€', 8.992317422778761)"
dismantle,"('âš’', 7.792317422778761)"
oppression,"('ğŸ’¸', 7.792317422778761)"
saw,"('ğŸ”ª', 7.792317422778761)"
foundation,"('ğŸ°', 7.792317422778761)"
takes,"('ğŸ’ªğŸ»', 8.992317422778761)"
eternity,"('â±', 8.992317422778761)"
crashing,"('ğŸ™', 7.792317422778761)"
servitude,"('ğŸ‡', 8.992317422778761)"
support,"('ğŸ’–', 1.2)"
windows,"('ğŸ”‘', 1.2)"
common,"('ğŸ˜«', 6.914245517666123)"
sieze,"('âœŠ', 6.369925001442312)"
production,"('ğŸ—', 6.369925001442312)"
distribute,"('âª', 6.369925001442312)"
goods,"('ğŸ’¦', 6.369925001442312)"
throughout,"('â­•', 6.369925001442312)"
cummunism,"('ğŸ’¦', 4.007354922057604)"
compete,"('ğŸ™‡', 1.784962500721156)"
refuse,"('ğŸ™…', 1.784962500721156)"
ton,"('ğŸ˜‡', 1.784962500721156)"
simply,"('ğŸ˜¡', 1.784962500721156)"
seeing,"('ğŸ‘€', 1.784962500721156)"
works,"('ğŸ‘”', 1.784962500721156)"
cases,"('ğŸ‘®', 1.784962500721156)"
cancer,"('ğŸ’©', 1.784962500721156)"
pretty,"('ğŸ‘°', 1.784962500721156)"
seymour,"('ğŸ‘±', 5.691853096329675)"
despite,"('ğŸ™…\u200dâ™‚ï¸', 5.691853096329675)"
directions,"('â¬†', 5.691853096329675)"
superintendent,"('ğŸ‘´', 5.691853096329675)"
unforgettable,"('ğŸ¤”', 5.691853096329675)"
luncheon,"('ğŸ˜‹', 5.691853096329675)"
gasp,"('ğŸ˜®', 5.691853096329675)"
ye,"('ğŸ•Œ', 5.691853096329675)"
gods,"('ğŸ•‹', 5.691853096329675)"
roast,"('âŒ', 5.691853096329675)"
purchase,"('ğŸ”', 5.691853096329675)"
cooking,"('ğŸ¤£', 5.691853096329675)"
ohohohoho,"('ğŸ‘º', 5.691853096329675)"
delightfully,"('ğŸ¤¥', 5.691853096329675)"
devilish,"('ğŸµ', 5.691853096329675)"
explanations,"('ğŸ‘´', 5.691853096329675)"
medication,"('ğŸ‘‚', 5.691853096329675)"
hears,"('ğŸ˜’', 5.691853096329675)"
exaggerations,"('ğŸ˜±', 5.691853096329675)"
trouble,"('ğŸ ', 5.691853096329675)"
stretching,"('ğŸ®', 5.691853096329675)"
windowsill,"('ğŸ“', 5.691853096329675)"
exercise,"('ğŸ’•', 5.691853096329675)"
join,"('ğŸ¤”', 5.691853096329675)"
oven,"('âŒ', 5.691853096329675)"
steamed,"('ğŸ½', 5.691853096329675)"
clams,"('ğŸ¤¤', 5.691853096329675)"
mmm,"('ğŸ˜‹', 5.691853096329675)"
hamburgers,"('ğŸ¤”', 5.691853096329675)"
hams,"('ğŸ“', 5.691853096329675)"
regional,"('ğŸ¤”', 5.691853096329675)"
dialect,"('ğŸ', 5.691853096329675)"
region,"('â¬†', 5.691853096329675)"
york,"('ğŸ•³', 5.691853096329675)"
anyone,"('ğŸ’¨', 5.691853096329675)"
quite,"('1ï¸âƒ£', 5.691853096329675)"
krusty,"('ğŸ˜†', 5.691853096329675)"
ohohoho,"('ğŸ”', 5.691853096329675)"
patented,"('â„¢', 5.691853096329675)"
burgers,"('ğŸ‘µ', 5.691853096329675)"
recipe,"('ğŸ’¨', 5.691853096329675)"
obviously,"('ğŸ˜¶', 5.691853096329675)"
grilled,"('ğŸ˜³', 5.691853096329675)"
excuse,"('â˜', 5.691853096329675)"
second,"('âœ”', 5.691853096329675)"
ahh,"('âœ¨', 5.691853096329675)"
wonderful,"('ğŸ‰', 5.691853096329675)"
pooped,"('ğŸ˜³', 5.691853096329675)"
aurora,"('ğŸ•™', 5.691853096329675)"
borealis,"('ğŸ“…', 5.691853096329675)"
part,"('ğŸ’¯', 5.691853096329675)"
localized,"('ğŸ‘¨\u200dğŸ³', 5.691853096329675)"
entirely,"('ğŸ˜Œ', 5.691853096329675)"
kitchen,"('ğŸ˜¶', 5.691853096329675)"
may,"('ğŸ¤”', 5.691853096329675)"
odd,"('ğŸ—£', 5.691853096329675)"
ham,"('ğŸ˜©', 5.691853096329675)"
contained,"('ğŸ”’', 4.2)"
fury,"('ğŸ˜¡', 4.2)"
begone,"('ğŸš·', 8.4)"
vile,"('ğŸ¤¢', 4.2)"
starter,"('ğŸ¥‰', 4.2)"
finisher,"('ğŸ¥‡', 4.2)"
golden,"('ğŸ…', 4.2)"
untethered,"('â›“', 4.2)"
bounds,"('ğŸ’¢', 4.2)"
farting,"('ğŸ˜ ', 7.154196310386875)"
touch,"('âœ‹', 7.6008794362821845)"
report,"('â˜', 7.6008794362821845)"
federal,"('ğŸ‡ºğŸ‡¸', 7.6008794362821845)"
whatcha,"('â“', 6.954887502163468)"
government,"('ğŸ˜', 1.784962500721156)"
cheesy,"('ğŸ•', 11.565784284662087)"
richard,"('ğŸ‘Œ', 7.165784284662087)"
dawkins,"('ğŸ’¯', 7.165784284662087)"
socrates,"('ğŸ©', 7.165784284662087)"
potentially,"('ğŸ‘‹', 7.165784284662087)"
alright,"('ğŸ†—', 7.165784284662087)"
outstanding,"('âœ”', 7.165784284662087)"
probing,"('â™Š', 7.165784284662087)"
aaayyyyyyyyyyyyyyyyyyyÊ¸Ê¸Ê¸Ê¸Ê¸Ê¸Ê¸Ê¸,"('ğŸ”«', 7.165784284662087)"
ayy,"('ğŸ¸', 7.165784284662087)"
bull,"('ğŸ’©', 11.565784284662087)"
Ô,"('ğŸ‘', 9.365784284662087)"
edgy,"('ğŸ”ª', 9.365784284662087)"
pic,"('ğŸ‘Œ', 7.165784284662087)"
votes,"('ğŸ”‘', 7.165784284662087)"
front,"('ğŸ', 7.165784284662087)"
á¶ Ê³áµ’á¶°áµ—,"('ğŸ”«', 7.165784284662087)"
success,"('âœ”', 9.365784284662087)"
shootin,"('ğŸ‘Œ', 9.365784284662087)"
ï½“ï½ˆï½‰ï½”,"('ğŸ—¿', 50.16048999263461)"
ãƒã‚¹,"('ğŸ‘¹', 7.165784284662087)"
ãƒ”ãƒ³ã‚°ãƒ¢ãƒ¼ãƒ«,"('ğŸ—¿', 7.165784284662087)"
ï½„ï½,"('ğŸ‘¹', 7.165784284662087)"
ï½‰ï½,"('ğŸ’', 7.165784284662087)"
ï½ï½…ï½“ï½”ï½ˆï½…ï½”ï½‰ï½ƒ,"('ğŸŒ', 7.165784284662087)"
classic,"('ğŸ‘', 4.287462841250339)"
master,"('ğŸ“', 6.0328900141647415)"
memer,"('ğŸ¸', 6.0328900141647415)"
aspiring,"('ğŸŒ½', 6.0328900141647415)"
memers,"('ğŸ‘»', 6.0328900141647415)"
gentlemen,"('ğŸ’¯', 2.2)"
lamayo,"('ğŸ‘Œ', 2.2)"
wife,"('ğŸ’', 2.2)"
hohoha,"('ğŸ”«', 2.2)"
ã‚¹ãƒ„,"('ğŸ‘Œ', 2.2)"
ãƒ¢ãƒ¼ãƒ«,"('ğŸ‘€', 2.2)"
ãƒ„ã‚¢ï½”ï½ˆï½…ï½’ï½…,"('ğŸ‘Œ', 2.2)"
ï½‰,"('âœ”', 2.2)"
ï½“ï½ï½™,"('ğŸ‘Œ', 2.2)"
ï½”ï½ˆï½…ï½’ï½…,"('ğŸ’¯', 2.2)"
buena,"('ğŸ‘Œ', 4.4)"
mierda,"('ğŸ‘€', 2.2)"
una,"('ğŸ—¿', 2.2)"
ahi,"('ğŸ‘¹', 2.2)"
si,"('ğŸŒ', 2.2)"
mismo,"('ğŸ—¿', 2.2)"
digo,"('ğŸ‘¹', 2.2)"
arribaaaaaaaaaaaaaaaaaa,"('ğŸ’', 2.2)"
awaken,"('ğŸ—¿', 2.2)"
yaaaaah,"('ğŸ', 3.9004397181410924)"
overwatch,"('ğŸ”«', 7.792457037268081)"
league,"('ğŸ”®', 7.792457037268081)"
hosts,"('ğŸ˜©', 13.720377491831279)"
twitter,"('ğŸ¦', 7.792457037268081)"
owo,"('ğŸ˜³', 29.034611927764516)"
wanty,"('â˜º', 29.034611927764516)"
pway,"('â–¶', 29.034611927764516)"
dweva,"('ğŸ˜›', 29.034611927764516)"
matwix,"('\U0001f970', 29.034611927764516)"
win,"('ğŸ¤', 29.034611927764516)"
duowuo,"('ğŸ˜­', 29.034611927764516)"
accewpt,"('âœ…', 29.034611927764516)"
invwitation,"('ğŸš¸', 29.034611927764516)"
host,"('ğŸ˜©', 10.57367713630342)"
seed,"('ğŸ¤°', 6.914245517666123)"
ovewwatch,"('ğŸ”«', 5.927920454563199)"
weague,"('ğŸ”®', 5.927920454563199)"
weading,"('ğŸ“–', 5.927920454563199)"
twittew,"('ğŸ¦', 5.927920454563199)"
wandom,"('ğŸ˜¤', 10.505908508571157)"
wight,"('ğŸ’¯', 10.505908508571157)"
cummymy,"('ğŸ¤¤', 3.6594316186372975)"
hitler,"('ğŸ‡©ğŸ‡ª', 5.557552004618084)"
wheres,"('ğŸ¤”', 1.2)"
yugoslavia,"('ğŸ‡·ğŸ‡¸', 1.2)"
ethiopia,"('ğŸ‡ªğŸ‡¹', 7.094817763307944)"
defeated,"('âŒ', 7.094817763307944)"
hating,"('ğŸ‘', 7.25528243550119)"
androids,"('ğŸ˜', 7.25528243550119)"
iphone,"('â˜', 7.25528243550119)"
crisp,"('ğŸ‘', 7.25528243550119)"
videos,"('ğŸ“€', 7.25528243550119)"
iphones,"('ğŸ“²', 5.244394119358454)"
honeyyyy,"('ğŸ’ğŸ¼\u200dâ™€ï¸', 6.007354922057604)"
sistarrrr,"('ğŸ’ğŸ¼\u200dâ™€ï¸', 5.154196310386875)"
sweety,"('ğŸ˜', 4.207354922057604)"
apollo,"('ğŸ’¯', 3.0073549220576044)"
quality,"('ğŸ˜', 1.2)"
gomez,"('ğŸ‘©ğŸ»\u200dğŸ«', 12.845273555640638)"
doe,"('ğŸ‘€', 2.5219280948873624)"
farm,"('ğŸ‘¨ğŸ»\u200dğŸŒ¾', 5.626264754702098)"
kakis,"('ğŸ‘–', 5.3292830169449665)"
flew,"('âœˆ', 22.79192037450376)"
correct,"('âœ…', 12.777210530388551)"
wooshed,"('ğŸ’¨', 12.777210530388551)"
outsmarted,"('\U0001f92d', 4.007354922057604)"
embarrassment,"('ğŸ˜', 4.007354922057604)"
minded,"('ğŸ˜‚', 4.007354922057604)"
danmmmm,"('ğŸ˜±', 4.106890595608519)"
gold,"('ğŸ¥‡', 1.2)"
turf,"('ğŸ¤–', 3.2)"
pun,"('ğŸ˜‚', 5.007354922057604)"
instead,"('ğŸ™…', 5.007354922057604)"
homeland,"('ğŸ—½', 9.766322214245816)"
security,"('ğŸš”', 9.766322214245816)"
moment,"('âš ', 9.766322214245816)"
warning,"('ğŸš§', 9.766322214245816)"
following,"('ğŸ…±', 9.766322214245816)"
triggered,"('ğŸ‘€', 7.566322214245816)"
cringe,"('ğŸš½', 15.132644428491632)"
individuals,"('ğŸ…±', 7.566322214245816)"
highly,"('ğŸ”ª', 7.566322214245816)"
dangerous,"('ğŸš«', 7.566322214245816)"
under,"('â›”', 7.566322214245816)"
secure,"('ğŸ’¶', 7.566322214245816)"
jahcoins,"('ğŸ’´', 9.766322214245816)"
foreskin,"('ğŸ’©', 7.566322214245816)"
poop,"('ğŸ’­', 7.566322214245816)"
sock,"('ğŸ˜«', 5.244394119358454)"
allowed,"('ğŸ™…\u200dâ™‚ï¸', 5.2)"
moments,"('ğŸ…±', 2.2)"
recently,"('ğŸ•‘', 2.2)"
continental,"('ğŸ‡ºğŸ‡¸', 2.2)"
citizen,"('ğŸ™Š', 2.2)"
performed,"('ğŸ…±', 2.2)"
ball,"('ğŸ’', 2.2)"
replace,"('â˜', 3.9004397181410924)"
bucko,"('ğŸ˜', 4.007354922057604)"
fix,"('ğŸ‘¾', 7.14251450533924)"
stealin,"('ğŸ›„', 5.592317422778761)"
sweaty,"('ğŸ˜‹', 6.485402218862249)"
swea,"('ğŸ…±', 5.244394119358454)"
brown,"('ğŸ’', 43.211867431432644)"
stiff,"('ğŸ‘¤', 43.211867431432644)"
dry,"('ğŸ¤¡', 43.211867431432644)"
sag,"('ğŸ’¦', 7.007354922057604)"
teabag,"('â˜•', 7.007354922057604)"
diet,"('\U0001f92a', 5.3292830169449665)"
stem,"('ğŸ˜¨', 4.784962500721156)"
auto,"('ğŸ˜Œ', 6.428818690495881)"
corrects,"('ğŸ˜¢', 6.428818690495881)"
crummy,"('ğŸ˜¨', 6.428818690495881)"
subway,"('ğŸ˜‚', 7.634628227636725)"
electric,"('ğŸ…±', 4.6594316186372975)"
ride,"('ğŸ˜˜', 6.2223678130284545)"
traveler,"('ğŸ˜', 6.177279923499917)"
battle,"('ğŸ˜‚', 7.792457037268081)"
bullshit,"('ğŸ„', 5.057980995127572)"
mfers,"('ğŸ˜‚', 5.057980995127572)"
een,"('ğŸ”«', 3.9004397181410924)"
destroy,"('ğŸ’¥', 4.007354922057604)"
betray,"('â˜¹', 2.5219280948873624)"
